,first_name,last_name,gender,prev_donor,occupation,ages,salary
0,Jammal,Dowdney,1,1,Physican,41,186705
1,Modesta,Giffkins,0,1,Farmer,70,65412
2,Kellyann,Petrecz,0,1,Web Developer,39,63859
3,Spike,Rippingall,1,1,Product Manager,61,121231
4,Meier,Pappin,1,0,Sales Manager,71,111255
5,Filia,Dunk,0,1,Actor,52,51023
6,Irene,Paddison,0,0,Bartender,47,18705
7,Gideon,Alderwick,1,1,Physican Assistant,74,97644
8,Conn,Darlison,1,0,Dentist,72,158051
9,Napoleon,Jagiela,1,0,Actor,53,52506
10,Lorette,Lanktree,0,1,Nurse,45,67866
11,Vernice,Spendlove,0,0,Electrical Engineer,62,96334
12,Suzette,MacHoste,0,0,Tax Manager,64,122008
13,Bari,O'Carroll,0,1,Police Officer,77,61815
14,Ardelia,Pendall,0,0,Accountant,57,67216
15,Junia,Riley,0,0,Accountant,41,68045
16,Arlen,Pocknoll,0,0,Farmer,22,64793
17,Albina,Grigolashvill,0,1,Lawyer,23,114866
18,Izaak,Gildersleeve,1,1,Physican Assistant,46,98128
19,Anderson,Mazzilli,1,1,Actor,42,49942
20,Con,Luthwood,0,0,Police Officer,55,61757
21,Della,McGing,0,0,Chef,29,42983
22,Reidar,Durkin,1,1,Orthodontist,62,210445
23,Skyler,Heinreich,1,1,Marketing Manager,80,124000
24,Farley,Agget,1,1,Driver,56,40930
25,Wash,Tointon,1,1,Bartender,83,19421
26,Suzanne,Redgate,0,0,Finance Manager,54,124158
27,Annie,Byer,0,0,Chemical Engineer,81,97811
28,Mar,Emmot,1,0,Security Guard,52,25630
29,Bertina,Ryal,0,0,Physican,24,195217
30,Nicolle,Lintin,0,1,Accountant,38,66710
31,Ardys,Terbeek,0,0,Product Manager,48,119343
32,Noni,Kilgannon,0,1,Product Manager,62,116041
33,Cassie,Veneur,0,0,Civil Engineer,55,81114
34,Arlinda,Issacof,0,1,Farmer,80,63027
35,Ashlen,Eaves,0,1,Risk Manager,51,127128
36,Hatty,Matthewman,0,1,Finance Manager,40,122467
37,Lanie,Kemitt,1,1,Paramedic,57,32128
38,Jocelin,Muzzillo,0,1,Accountant,74,68045
39,Hayyim,Kittley,1,1,Flight Attendant,50,42770
40,Angie,Letson,0,1,Risk Manager,73,122401
41,Tybalt,Battershall,1,0,Sales Manager,38,115507
42,Germain,McCurtin,1,1,Professor,34,73682
43,Cherin,Ternouth,0,0,Bartender,22,20207
44,Luz,Vuitte,0,1,Farmer,52,66443
45,Gothart,Yoodall,1,0,Paramedic,54,31258
46,Celie,Terrazzo,0,0,Accountant,27,65269
47,Chic,Cordes,1,1,Professor,50,72737
48,Wainwright,Kainz,1,1,Actor,27,52847
49,Rafaellle,Lennon,1,1,Data Scientist,76,110191
50,Carlie,Brockway,1,1,Social Worker,79,47048
51,Kenny,Dunkerton,1,0,Actor,24,51138
52,Royal,Monteith,1,0,Pilot,36,100067
53,Dahlia,Swanbourne,0,0,Music Artist,49,32057
54,Pia,Shimoni,0,1,Psychologist,30,72029
55,Gayle,Gronw,0,1,Secretary,41,37170
56,Udall,Gusney,1,1,Professor,38,72113
57,Carola,Yeandel,0,1,Dentist,70,159152
58,Lyda,Barniss,0,0,Farmer,77,64793
59,Kitti,Simnell,0,1,Paramedic,51,31283
60,Stephie,Little,0,0,Occupational Therapist,36,80321
61,Stanislaw,Cariss,1,0,Electrical Engineer,60,96048
62,Raye,Hellwing,0,0,Social Worker,45,47678
63,Ramsay,Trimmill,1,0,Marketing Manager,41,123970
64,Marleen,Philo,0,1,Soldier,64,33628
65,Reid,Ivan,1,0,Flight Attendant,45,45125
66,Roderich,Marwick,1,1,Actor,44,51385
67,Joann,Milazzo,0,1,Risk Manager,73,125485
68,Christiana,Pickersail,0,0,Security Guard,70,24767
69,Valene,Taleworth,0,1,Farmer,38,65378
70,Feliza,Sampey,0,1,Occupational Therapist,22,78608
71,Devon,Corrigan,0,0,Chemical Engineer,45,95956
72,Robb,Buxcey,1,1,Dentist,70,158362
73,Perry,Umpleby,0,0,Pilot,58,106047
74,Harrison,Spadelli,1,1,Politician,48,178692
75,Tricia,Matantsev,0,0,Politician,47,176244
76,Jobyna,Adanet,0,0,Professor,35,72745
77,Sheilah,Smitherham,0,1,Marketing Manager,72,130145
78,Kellina,Anthon,0,0,Professor,59,72112
79,Shell,Kingsly,1,1,Marketing Manager,35,123932
80,Leonelle,Peverell,0,0,Geologist,43,88880
81,Shanda,Gencke,0,1,Farmer,22,64557
82,Roshelle,Dunbobin,0,0,Sales Manager,22,117316
83,Twyla,Geeson,0,0,Teacher,71,61108
84,Hetti,Jansa,0,0,Surgeon,68,186502
85,Allene,Morpeth,0,1,Risk Manager,52,124575
86,Sebastien,Padly,1,1,Secretary,54,34974
87,Theodoric,Burch,1,1,Soldier,58,33324
88,Thoma,Ploughwright,1,0,Electrical Engineer,71,95688
89,Wynn,Whyborn,0,1,Data Scientist,59,112658
90,Elmira,Asser,0,1,Economist,42,101340
91,Caroline,Bursell,0,0,Actor,42,52768
92,Brandy,Reany,1,1,Risk Manager,82,125965
93,Theda,Thaim,0,1,Professor,72,72459
94,Dur,Sewards,1,1,Orthodontist,27,208694
95,Baryram,Wilkie,1,0,Secretary,51,36945
96,Caprice,Furniss,0,1,Chef,78,41323
97,Westbrook,Gautrey,1,1,Social Worker,64,43790
98,Dante,Cloughton,1,1,Secretary,81,36688
99,Goldi,Poetz,0,0,Web Developer,79,65187
100,Nydia,Wisam,0,0,Recruiter,59,61733
101,Winna,Cutts,0,0,Chef,26,40606
102,Jacquenette,Dillet,0,0,Social Worker,44,47146
103,Natty,Splevin,1,0,Dentist,68,159903
104,Magdalena,Breach,0,1,Orthodontist,81,211152
105,Herb,Normavill,1,1,Social Worker,27,45363
106,Jordana,McFadin,0,1,Recruiter,81,62772
107,Emmit,Liebrecht,1,1,Teacher,68,56742
108,Sheryl,Sergison,0,0,Sales Manager,39,113570
109,Bastien,Lieb,1,1,Sales Manager,36,111779
110,Gerard,Lief,1,1,Psychologist,76,72350
111,Waylan,Swadlin,1,1,Lawyer,61,113083
112,Sibbie,Splevings,0,0,Accountant,46,65713
113,Saraann,Creedland,0,0,Driver,35,39968
114,Pat,Carstairs,0,1,Writer,58,62791
115,Christa,Spours,0,0,Police Officer,85,61845
116,Marys,Grimditch,0,1,Driver,57,42930
117,Janeczka,McKimmie,0,0,Data Scientist,33,113615
118,Katina,Birnie,0,0,Teacher,60,60429
119,Freemon,Jenk,1,1,Lawyer,63,116210
120,Godwin,Broun,1,0,Bartender,75,18924
121,Yolane,Cutsforth,0,0,Finance Manager,41,123768
122,Renaldo,Beale,1,0,Orthodontist,73,208152
123,Isidora,Beaver,0,0,Web Developer,79,64438
124,Tandie,Bullingham,0,0,Chemical Engineer,32,97890
125,Concordia,Stocker,0,0,Professor,25,76717
126,Bary,Brandreth,1,0,Electrical Engineer,45,91317
127,Grenville,Hallowes,1,1,Pilot,33,105522
128,Hewitt,Wix,1,1,Chef,84,43420
129,Jarvis,Woodlands,1,0,Web Developer,63,64275
130,Eolanda,Triebner,0,0,Sales Manager,53,115974
131,Jody,Pengilley,1,1,Bartender,33,20090
132,Barnett,Whitemarsh,1,0,Secretary,31,36960
133,Maximilian,Birchill,1,0,Finance Manager,78,122441
134,Marshall,Skures,1,0,Chef,80,41202
135,Thatch,Fowlston,1,1,Social Worker,41,44620
136,Leela,Lages,0,0,Sales Manager,74,116062
137,Kristen,Wickenden,0,1,Chef,53,41308
138,Walt,Pfeffle,1,1,Writer,46,61177
139,Nealson,Lidgerton,1,0,Pilot,43,105338
140,Adrienne,Karlik,0,0,Geologist,67,85956
141,Rani,Baxandall,0,0,Driver,84,41706
142,Elia,Billyeald,1,0,Risk Manager,75,126230
143,Charlena,Overland,0,0,Mechanical Engineer,21,82486
144,Raynell,McWhannel,0,1,Bartender,46,19423
145,Nadia,Holstein,0,1,Product Manager,67,117286
146,Odo,Smee,1,1,Politician,49,174009
147,Jobey,Padden,0,1,Sales Manager,51,117003
148,Alix,Mathissen,1,1,Police Officer,77,60120
149,Florian,Hammarberg,1,0,Marketing Manager,24,125942
150,Nerty,Cathenod,0,0,Economist,81,99352
151,Brigitte,Danbye,0,1,Nurse,47,67606
152,Lizbeth,Logg,0,0,Cashier,79,18934
153,Federica,Jendrach,0,0,Risk Manager,52,128806
154,Lolly,Whardley,0,1,Mechanical Engineer,74,81933
155,Alberto,Blenkinsop,1,0,Professor,36,72053
156,Ethelred,Matuszak,1,0,Physical Therapist,28,83229
157,Hunfredo,Bakeup,1,1,Actor,83,51307
158,Stanleigh,MacGall,1,1,Security Guard,47,24325
159,Carmine,Brocklebank,0,1,Driver,24,40661
160,Hayward,Ranstead,1,1,Data Scientist,44,109113
161,Viviyan,Shallcross,0,0,Lawyer,24,120353
162,Ashley,Syson,1,0,Recruiter,49,61553
163,Rozelle,Wanjek,0,1,Actor,67,51863
164,Arvin,But,1,1,Bartender,23,19739
165,Aurilia,Dibbs,0,1,Driver,81,40393
166,Robbie,Sigge,1,0,Nurse,80,67761
167,Flori,Benedite,0,1,Occupational Therapist,33,78487
168,Duff,Gebbie,1,1,Physican,78,186960
169,Irwin,Treadway,1,1,Doctor,71,183347
170,Herman,Whyley,1,1,Electrical Engineer,29,99375
171,Rod,Binner,1,0,Risk Manager,28,132324
172,Kerwin,Kealy,1,0,Actor,60,51928
173,Larry,Kirvell,1,1,Actor,70,51978
174,Sigmund,Tallant,1,1,Web Developer,58,62651
175,Tristan,Stoak,1,1,Chemical Engineer,64,96764
176,Letty,Barradell,0,0,Paramedic,75,32393
177,Wendye,Baden,0,1,Economist,79,100204
178,Helen,Arunowicz,0,1,Politician,54,181658
179,Nikkie,Lovell,0,1,Surgeon,43,187836
180,Kev,Sempill,1,0,Electrical Engineer,55,96284
181,Ursulina,Wulfinger,0,0,Bartender,84,19401
182,Linell,Bowring,0,1,Police Officer,40,60601
183,Cammy,Dearl,1,1,Product Manager,39,116689
184,Tamarra,Kees,0,0,Writer,24,59546
185,Keir,Tomkins,1,0,Police Officer,43,61185
186,Hercule,O' Cuolahan,1,1,Accountant,62,68894
187,Lancelot,Mc Pake,1,0,Web Developer,34,64442
188,Franciska,Gocke,0,0,Writer,74,59114
189,Fiorenze,Raisbeck,0,0,Mechanical Engineer,58,80687
190,Gwen,Scrowston,0,1,Flight Attendant,21,44544
191,Seamus,Way,1,0,Occupational Therapist,82,81960
192,Frederico,Manoch,1,1,Software Developer,55,80414
193,Othelia,Vokes,0,0,Orthodontist,69,209565
194,Saunder,Goodwyn,1,0,Civil Engineer,81,82401
195,Sigismond,Coules,1,0,Bartender,68,20159
196,Sayre,Kemball,0,1,Risk Manager,65,128895
197,Rita,Warboy,0,0,Police Officer,70,59059
198,Del,Burds,1,0,Farmer,59,65032
199,Stillmann,Gosswell,1,1,Electrical Engineer,49,92824
200,Lemuel,Jennick,1,1,Bartender,61,20045
201,Gilemette,Rau,0,0,Mechanical Engineer,40,84474
202,Laryssa,Lambshine,0,1,Music Artist,76,32212
203,Allen,Haines,1,0,Driver,24,40398
204,Talia,Yearne,0,1,Accountant,52,66736
205,Jorge,Fedorchenko,1,0,Teacher,46,58283
206,Jen,Domaschke,0,0,Secretary,57,36414
207,Dulcie,Povey,0,0,Nurse,39,69274
208,Maximilien,Piniur,1,1,Risk Manager,58,123828
209,Patience,Martinelli,0,0,Dentist,64,156278
210,Hayden,Leteurtre,1,0,Professor,29,73384
211,Gussy,McEnery,0,0,Physican,68,187491
212,Yulma,Parkes,1,0,Actor,36,50929
213,Tillie,Filshin,0,1,Marketing Manager,47,121330
214,Sigfried,Vaszoly,1,1,Psychologist,50,74545
215,Barnett,Postins,1,1,Sales Manager,21,111983
216,Reilly,Legrice,1,0,Pilot,80,102970
217,Quintus,Arrowsmith,1,1,Secretary,35,37927
218,Golda,Kleeborn,0,1,Web Developer,57,67243
219,Rocky,Francey,1,1,Teacher,54,57513
220,Fredra,Mantram,0,0,Finance Manager,83,125212
221,Gregoor,Pedroni,1,1,Mechanical Engineer,48,83382
222,Budd,Huguenet,1,1,Actor,42,50455
223,Andonis,Tock,1,0,Economist,38,99882
224,Buck,Golder,1,0,Cashier,27,19299
225,Nero,Larwell,1,0,Professor,44,71540
226,Kerr,Cousens,1,1,Mechanical Engineer,51,81375
227,Broddy,Casement,1,1,Music Artist,84,33203
228,Joy,St. Queintain,0,1,Pharmacist,63,112772
229,Eldin,Kiddle,1,0,Secretary,53,36356
230,Alonso,Dawtre,1,0,Software Developer,57,77068
231,Penelope,Burfoot,0,1,Pilot,47,103308
232,Liz,Whooley,0,1,Social Worker,80,47242
233,Leonard,Prestedge,1,0,Nurse,33,67042
234,Rowen,Awin,1,1,Surgeon,78,186063
235,Hildegarde,Lonsdale,0,1,Bartender,85,19996
236,Wendie,Isselee,0,1,Farmer,72,65468
237,Nickie,Gogan,1,1,Economist,81,100631
238,Cara,Swindon,0,0,Civil Engineer,21,81082
239,Lindi,Primmer,0,0,Driver,66,41417
240,Roseline,Longhorn,0,0,Geologist,58,89606
241,Gwyneth,Eagers,0,0,Paramedic,77,32775
242,Gayla,Rops,0,1,Physican,80,188581
243,Henri,Teresi,1,1,Chemical Engineer,40,96863
244,Arden,Grummitt,0,1,Electrical Engineer,59,95167
245,Natalya,Dowsing,0,0,Chemical Engineer,27,95781
246,Alisa,Halsho,0,1,Teacher,58,58068
247,Kirby,Testro,0,1,Music Artist,74,31848
248,Gabrila,Sneezum,0,1,Doctor,82,187237
249,Netti,McAne,0,0,Chemical Engineer,46,97336
250,Dunc,Wickwar,1,0,Lawyer,83,117005
251,Fraze,Calterone,1,0,Chemical Engineer,66,98184
252,Peria,Reaper,0,0,Social Worker,23,46846
253,Fannie,Bremen,0,1,Nurse,50,69323
254,Wilma,Ivancevic,0,0,Nurse,34,68995
255,Stefanie,Aggiss,0,0,Mechanical Engineer,25,83748
256,Gawain,Massei,1,1,Orthodontist,37,211916
257,Camala,Langhor,0,1,Paramedic,68,32688
258,Bobbe,Hradsky,0,0,Professor,34,73981
259,Ardys,Elix,0,1,Psychologist,55,73078
260,De witt,Phonix,1,1,Web Developer,33,64051
261,Gerri,Fairall,0,0,Paramedic,49,32133
262,Georgena,Sibborn,0,1,Physican Assistant,46,101514
263,Serene,Pogson,0,0,Occupational Therapist,26,79982
264,Trudie,Roy,0,1,Pilot,69,100262
265,Constantina,Van Der Hoog,0,1,Sales Manager,47,115370
266,Salomon,Pietrusiak,1,0,Sales Manager,71,113848
267,Pennie,Leaton,1,0,Economist,29,97177
268,Rica,Bratt,0,0,Physical Therapist,28,84341
269,Montague,Avramovitz,1,0,Civil Engineer,45,80097
270,Ciro,By,1,0,Nurse,69,69590
271,Chicky,Shoulder,1,1,Actor,44,52582
272,Zachery,Vsanelli,1,1,Police Officer,29,59563
273,Elsie,Heaysman,0,0,Software Developer,49,80787
274,Judye,Joyce,0,0,Dentist,49,154570
275,Ralina,Curson,0,1,Sales Manager,50,117387
276,Alvis,Croom,1,0,Doctor,73,189254
277,Daron,Tetsall,0,0,Doctor,39,197322
278,Gerard,Sherred,1,0,Physican,80,191532
279,Rock,Ivimey,1,1,Music Artist,64,31950
280,Harv,Currin,1,0,Politician,48,173639
281,Klarrisa,Sargint,0,1,Risk Manager,31,130205
282,Mycah,Holligan,1,0,Chef,56,41355
283,Deeann,Adamik,0,0,Product Manager,49,122515
284,Ofilia,Tayler,0,0,Occupational Therapist,79,82273
285,Donetta,Weatherhill,0,0,Surgeon,26,189176
286,Rudy,Folini,1,1,Secretary,69,36061
287,Brandy,Macveigh,0,0,Orthodontist,43,212618
288,Chrysa,De Biasio,0,0,Pilot,42,99565
289,Tracy,Constable,0,1,Cashier,44,19944
290,Chen,Larkin,1,0,Actor,32,52340
291,Imojean,Pendergrast,0,0,Paramedic,82,31958
292,Bradly,Ehrat,1,1,Electrical Engineer,40,94470
293,Hildagarde,Gianettini,0,0,Flight Attendant,75,45051
294,Horatio,Frow,1,1,Chef,61,41482
295,Addy,Smith,1,0,Economist,49,99628
296,Vernen,Macieiczyk,1,1,Chemical Engineer,81,96586
297,Mackenzie,Schrinel,1,0,Nurse,22,67517
298,Vernice,Critchley,0,1,Professor,75,74652
299,Blair,Kennham,1,1,Paramedic,23,31707
300,Sherwood,Howle,1,0,Soldier,56,34046
301,Carlina,Roe,0,1,Accountant,49,69191
302,Maribelle,Maffini,0,1,Mechanical Engineer,60,81850
303,Horst,Mallabund,1,1,Surgeon,35,182335
304,Paton,Kinforth,1,0,Pharmacist,62,111137
305,Nikolaos,Bevis,1,1,Paramedic,77,31888
306,Jerry,Dodds,0,1,Civil Engineer,34,83941
307,Gretchen,de Marco,0,1,Accountant,56,67144
308,Michal,Gricks,0,1,Orthodontist,53,214858
309,Royall,Moroney,1,1,Recruiter,65,61243
310,Lauri,Blennerhassett,0,0,Software Developer,46,77295
311,Ulric,Perutto,1,0,Politician,84,172577
312,Homere,Evins,1,1,Lawyer,31,116155
313,Jacquetta,Ovanesian,0,0,Mechanical Engineer,71,85582
314,Luella,Dimmne,0,1,Cashier,47,19294
315,Fairfax,Dulake,1,0,Physican,38,187389
316,Brande,Burnsyde,0,1,Marketing Manager,30,123818
317,Gerick,Coucha,1,1,Product Manager,73,120093
318,Hanan,Bortoli,1,1,Pilot,44,107020
319,Hortense,Bray,0,1,Product Manager,46,118607
320,Noemi,Whetson,0,0,Lawyer,39,115435
321,Goran,Dutteridge,1,0,Recruiter,73,62359
322,Filia,Monteith,0,0,Risk Manager,83,124055
323,Olenolin,Ferrarello,1,1,Bartender,73,19117
324,Haven,Gellan,1,1,Nurse,81,68385
325,Cullie,Ourry,1,1,Software Developer,72,78788
326,Sandie,Wiz,0,1,Music Artist,34,32565
327,Rosanne,Cowherd,0,0,Mechanical Engineer,80,82740
328,Sigvard,Lyness,1,0,Surgeon,65,192043
329,Patric,Coping,1,1,Psychologist,49,72870
330,Kurtis,Matchett,1,1,Accountant,73,67254
331,Saxe,McKeighen,1,0,Occupational Therapist,34,80886
332,Cory,Matuskiewicz,1,1,Cashier,41,19731
333,Mab,de Clercq,0,1,Farmer,79,65568
334,Nero,Lattimer,1,1,Product Manager,56,120175
335,Felipe,Itshak,1,0,Geologist,50,90703
336,Inna,Leyninye,0,1,Cashier,67,19109
337,Roxanna,Turnock,0,0,Dentist,74,151719
338,Heindrick,Sterte,1,0,Orthodontist,30,212940
339,Haywood,Mincher,1,1,Pharmacist,30,112664
340,Brook,Dewar,0,1,Orthodontist,82,207841
341,Lilia,Stockman,0,1,Occupational Therapist,62,80889
342,Ida,Hymas,0,0,Physican Assistant,56,102280
343,Port,Wasylkiewicz,1,1,Professor,83,72870
344,Nanon,Load,0,0,Farmer,54,63556
345,Jasun,Coxon,1,0,Social Worker,29,45569
346,Lauren,Lawlance,0,1,Soldier,83,33954
347,Wadsworth,Freschini,1,1,Physican,84,192677
348,Pattie,Sproston,0,0,Lawyer,72,113121
349,Kenon,Dreye,1,0,Physical Therapist,34,82443
350,Cristi,Rodolico,0,1,Security Guard,80,24583
351,Kaia,Bingell,0,0,Risk Manager,57,125092
352,Tarra,Baskeyfied,0,1,Politician,83,180708
353,Nathalia,Bourne,0,1,Actor,83,51543
354,Gradeigh,Whitmore,1,1,Music Artist,57,32650
355,Gweneth,Dello,0,0,Driver,50,40826
356,Xylina,Byk,0,1,Pilot,56,100321
357,Warde,Manssuer,1,0,Orthodontist,59,209247
358,Preston,Elgy,1,1,Doctor,53,187372
359,Fidelia,Enbury,0,0,Civil Engineer,36,80485
360,Brande,Lyal,0,1,Chemical Engineer,42,96180
361,Flemming,Eustace,1,1,Risk Manager,24,122843
362,Addi,Lovart,0,0,Politician,30,170657
363,Ellene,Tubbs,0,0,Politician,75,174351
364,Clayton,Slowey,1,0,Cashier,21,18835
365,Jocko,Winthrop,1,1,Marketing Manager,78,125092
366,Lisabeth,Hallihan,0,0,Risk Manager,77,123667
367,Kare,Baptiste,0,1,Pharmacist,46,114958
368,Euphemia,Travers,0,0,Recruiter,36,63406
369,Xymenes,Caramuscia,1,1,Tax Manager,65,121891
370,Bertie,Morffew,0,1,Psychologist,47,73818
371,Annmaria,Brassington,0,0,Pharmacist,30,112737
372,Cherish,Hugin,0,1,Electrical Engineer,31,96247
373,Sherm,Fearnside,1,0,Cashier,72,19317
374,Osborn,Hardcastle,1,0,Chef,28,40668
375,Gard,McNeillie,1,0,Software Developer,61,83893
376,Galvin,Viner,1,1,Software Developer,74,81491
377,Forrest,Ratcliffe,1,1,Electrical Engineer,55,93905
378,Eddie,Decayette,0,1,Politician,70,176169
379,Ted,Pharo,1,1,Psychologist,60,74957
380,Peggie,Rampling,0,1,Geologist,38,89412
381,Reid,Moorman,1,0,Geologist,25,88767
382,Robin,Simunek,0,0,Professor,68,70444
383,Vittorio,Clinning,1,1,Dentist,53,159866
384,Woodman,Stitwell,1,0,Product Manager,61,116772
385,Cathi,Yuryatin,0,1,Bartender,25,18717
386,Anstice,Bariball,0,0,Tax Manager,77,121861
387,Ailis,Giabuzzi,0,0,Police Officer,77,59899
388,Darelle,Crebbin,0,0,Writer,54,59749
389,Gaby,Hartnell,0,1,Software Developer,74,83507
390,Kahlil,Moyer,1,0,Accountant,40,69313
391,Bryce,Hayne,1,0,Mechanical Engineer,45,84539
392,Arleyne,Deans,0,1,Civil Engineer,50,84144
393,Fey,Barajaz,0,0,Security Guard,32,24954
394,Brigitta,Jandac,0,1,Farmer,53,63867
395,Darsie,Mullett,0,1,Accountant,84,67578
396,Alta,Quaif,0,1,Professor,81,71567
397,Kelsy,Comerford,0,0,Dentist,24,157882
398,Nonnah,Eadie,0,0,Psychologist,23,73138
399,Farrell,Wipper,1,1,Teacher,47,58520
400,Carlotta,Deaves,0,1,Actor,58,51917
401,Kittie,Playdon,0,1,Occupational Therapist,22,78361
402,Vance,Cheater,1,1,Security Guard,36,24070
403,Augustine,Tolhurst,0,1,Chemical Engineer,33,98203
404,Misti,Wardrop,0,0,Surgeon,72,188237
405,Yorke,Sach,1,0,Tax Manager,37,123358
406,Ethelbert,Milson,1,0,Teacher,63,58366
407,Zorana,Joberne,0,1,Dentist,66,157755
408,Devlen,Veart,1,0,Professor,62,73656
409,Trescha,Haddock,0,1,Civil Engineer,54,81781
410,Ethelind,Bulfit,0,0,Dentist,40,163162
411,Trude,Lupton,0,1,Chef,59,41862
412,Monika,Alleyne,0,0,Physican Assistant,29,96044
413,Mindy,Measor,0,0,Finance Manager,74,126344
414,Gaylor,Brick,1,1,Chemical Engineer,64,95353
415,Cristiano,Ismead,1,0,Secretary,21,37580
416,Carolus,Figgures,1,1,Physical Therapist,22,85873
417,Carmencita,Hadwin,0,0,Security Guard,65,24953
418,Seymour,Keyes,1,1,Mechanical Engineer,65,80965
419,Kimbell,Wallworth,1,0,Music Artist,24,31665
420,Lorin,Laweles,1,1,Security Guard,31,24694
421,Gene,Smoughton,0,0,Web Developer,69,65825
422,Lorine,Jaggers,0,0,Physican Assistant,78,98707
423,Annmarie,Willox,0,0,Physican,41,180296
424,Hogan,Menci,1,0,Marketing Manager,37,128055
425,Paule,Ithell,0,0,Bartender,26,19009
426,Valera,Liddell,0,1,Chemical Engineer,72,96854
427,Wallie,Bowhay,0,0,Electrical Engineer,77,95628
428,Steven,Paz,1,1,Police Officer,83,60623
429,Wainwright,Nore,1,1,Nurse,29,69845
430,Jaquith,Bescoby,0,1,Doctor,68,189084
431,Renee,Isack,0,1,Civil Engineer,62,82058
432,Pinchas,Brandassi,1,1,Police Officer,49,61124
433,Oates,Penning,1,0,Farmer,84,64503
434,Burl,Antonelli,1,1,Actor,76,52134
435,Leland,Perring,1,0,Orthodontist,33,208937
436,Doti,Gidman,0,1,Paramedic,33,32386
437,Luke,Lumsdale,1,1,Psychologist,36,73091
438,Gerome,Rankmore,1,0,Lawyer,62,114472
439,Roxanne,Temlett,0,1,Software Developer,76,77553
440,Audry,Strute,0,0,Social Worker,74,45610
441,Kelci,Cordery,0,1,Civil Engineer,61,83073
442,Kirk,Endle,1,1,Web Developer,46,65056
443,Dov,Tompion,1,1,Politician,60,176891
444,Percival,Demoge,1,0,Social Worker,62,44384
445,Francklyn,Ockenden,1,1,Orthodontist,44,201934
446,Rosemaria,Gaffey,0,0,Flight Attendant,61,45119
447,Hiram,Turn,1,0,Secretary,83,36359
448,Tedra,Mosdell,0,0,Social Worker,84,46181
449,Luelle,Willcocks,0,1,Driver,25,42659
450,Dougy,Andrassy,1,0,Economist,73,101368
451,Janice,De L'Isle,0,0,Bartender,36,19337
452,Modestia,Yurinov,0,0,Physican Assistant,65,98031
453,Vilhelmina,Wyburn,0,0,Farmer,49,63700
454,Jens,Mateja,1,0,Finance Manager,26,125953
455,Saidee,Sparks,0,1,Electrical Engineer,33,95018
456,Dolli,Lober,0,0,Recruiter,24,61495
457,Neils,Gatus,1,0,Security Guard,71,25243
458,Hamlin,McKeveney,1,0,Doctor,56,192078
459,Ina,Whiff,0,1,Politician,66,176149
460,Kristina,Rannie,0,1,Police Officer,69,58571
461,Filmer,Kesey,1,1,Paramedic,76,31966
462,Filippo,Tarbox,1,1,Data Scientist,80,113622
463,Robin,Darlington,0,1,Bartender,51,19893
464,Verney,Bastide,1,0,Police Officer,32,60814
465,Lyndsay,Laboune,0,1,Writer,32,60123
466,Giulia,Scoyne,0,1,Professor,48,72317
467,Woody,Mitie,1,0,Psychologist,61,73702
468,Florie,Shakesbye,0,1,Mechanical Engineer,23,81278
469,Gwyn,Priddy,0,0,Web Developer,27,64949
470,Harp,Hopewell,1,0,Psychologist,55,72518
471,Kissie,Gherardesci,0,1,Recruiter,30,63440
472,Eva,Auchterlony,0,0,Physican,24,188232
473,Marietta,Garza,0,1,Writer,29,61117
474,Cate,Miguet,0,1,Risk Manager,74,127071
475,Mylo,Rubertelli,1,0,Teacher,66,57472
476,Ardyth,McAuliffe,0,0,Web Developer,27,62380
477,Norrie,Videler,1,1,Bartender,28,20229
478,Trudie,Polding,0,1,Surgeon,41,190271
479,Nara,Book,0,1,Police Officer,60,58907
480,Hildegarde,Knifton,0,1,Risk Manager,48,122711
481,Padraic,Riddich,1,1,Geologist,84,87520
482,Constanta,Hansom,0,0,Product Manager,75,121939
483,Ulick,Henric,1,0,Recruiter,39,61438
484,Sabine,Haire,0,0,Cashier,78,18437
485,Bonni,Ussher,0,1,Finance Manager,80,126754
486,Sayer,Jzhakov,1,0,Civil Engineer,34,80700
487,Briant,Wynrahame,1,0,Doctor,81,187059
488,Georas,Stote,1,1,Chef,49,41426
489,Andee,Snead,0,0,Physican Assistant,50,97285
490,Kaja,Hucknall,0,1,Accountant,78,65569
491,Lamont,Middell,1,0,Security Guard,23,24293
492,Malachi,Rumin,1,0,Surgeon,55,186867
493,Alexina,Goddman,0,0,Occupational Therapist,22,79873
494,Marketa,Cheine,0,1,Finance Manager,51,125956
495,Urbanus,Suthren,1,0,Civil Engineer,25,80744
496,Ron,Coleyshaw,1,1,Geologist,80,87296
497,Margarette,Gibbett,0,0,Occupational Therapist,52,81140
498,Valaree,Foley,0,1,Risk Manager,61,127261
499,Elijah,Gobell,1,0,Surgeon,81,182818
500,Mylo,Bidewel,1,1,Geologist,28,88421
501,Budd,Mummery,1,0,Chemical Engineer,52,96049
502,Thatch,Nehl,1,0,Chemical Engineer,27,99094
503,Shela,Dimmne,0,1,Electrical Engineer,24,96632
504,Eddie,Sylvester,1,0,Tax Manager,37,120467
505,Yuma,Harry,1,0,Dentist,63,164324
506,Joellen,Henker,0,1,Chef,62,40966
507,Lewes,Gretton,1,0,Social Worker,42,48112
508,Kyle,Estoile,1,0,Dentist,58,155776
509,Rollie,Pree,1,0,Social Worker,44,45940
510,Gilles,Fendt,1,0,Politician,78,175203
511,Carlina,Silley,0,0,Flight Attendant,81,44401
512,Wendi,Stuckow,0,0,Dentist,54,159506
513,Wynny,Addyman,0,0,Data Scientist,39,112967
514,Clarette,Penticoot,0,1,Pilot,55,101439
515,Anatola,Smardon,0,0,Chef,52,42455
516,Ashlin,MacDonell,1,0,Finance Manager,59,120202
517,Vanny,Nelligan,0,0,Accountant,63,66589
518,Fallon,Molson,0,0,Professor,52,71190
519,Cristal,Klug,0,0,Professor,79,70060
520,Emmalee,Hanhard,0,0,Writer,79,59103
521,Rennie,Mc Coughan,0,0,Civil Engineer,36,83811
522,Tasha,De Castri,0,1,Soldier,58,32915
523,Zollie,Inseal,1,0,Dentist,54,164451
524,Verne,Mallalieu,1,0,Finance Manager,30,124164
525,Amby,Rebillard,1,1,Geologist,57,88614
526,Leoline,Westhoff,0,1,Doctor,82,186986
527,Davida,Hoxey,0,1,Occupational Therapist,53,80263
528,Marj,Jeste,0,1,Police Officer,27,60020
529,Jeralee,Jodlkowski,0,0,Security Guard,68,25610
530,Pammy,Gounet,0,1,Bartender,66,19590
531,Willetta,Townshend,0,0,Software Developer,41,78172
532,Bayard,Fieldsend,1,0,Music Artist,83,31974
533,Jobey,Hastin,0,1,Economist,72,101089
534,Harmonia,Whistance,0,1,Civil Engineer,79,84062
535,Sasha,Castagnaro,0,1,Surgeon,28,191784
536,Stern,Newland,1,0,Farmer,72,64969
537,Orran,Reddan,1,1,Professor,38,72642
538,Heath,Lambert,1,0,Civil Engineer,54,80978
539,Adria,Quogan,0,0,Chemical Engineer,22,99603
540,Sheelagh,Fullstone,0,0,Actor,40,53035
541,Joly,D'eath,0,1,Music Artist,36,31011
542,Jerome,Huggens,1,0,Pharmacist,71,113670
543,Gloria,Waywell,0,1,Pilot,49,99627
544,Eveleen,Lardez,0,0,Teacher,62,59624
545,Carlene,Blenkensop,0,0,Chef,51,38632
546,Towney,Beste,1,0,Farmer,78,63180
547,Claus,Spears,1,1,Economist,56,95926
548,Archibald,Romanelli,1,0,Recruiter,34,62621
549,Catherine,Pasby,0,0,Risk Manager,54,124918
550,Fanchette,Newart,0,1,Bartender,45,19882
551,Kelila,Warrack,0,0,Driver,72,41124
552,Jasen,Heisler,1,0,Occupational Therapist,66,81437
553,Candice,Vant,0,0,Lawyer,49,119627
554,Carlie,Crews,1,0,Soldier,60,33905
555,Shannon,Annies,0,0,Orthodontist,22,209453
556,Claudianus,Westraw,1,0,Actor,50,50389
557,Mortie,Merrall,1,1,Farmer,68,63478
558,Jakie,Caulton,1,1,Soldier,41,33098
559,Adena,Bilverstone,0,0,Paramedic,70,32181
560,Vallie,Martinolli,0,0,Paramedic,51,31214
561,Averell,Stoodley,1,1,Chemical Engineer,31,96847
562,Cordy,Mathewes,0,1,Geologist,57,90308
563,Elsie,Brettle,0,0,Nurse,77,67283
564,Enrico,Preskett,1,1,Nurse,56,67167
565,Bram,Djurisic,1,0,Teacher,41,61049
566,Amara,MacAirt,0,0,Soldier,37,34415
567,Guenna,Burgiss,0,0,Lawyer,71,114724
568,Kylen,Pidgeley,0,0,Doctor,51,183275
569,Hana,Prine,0,0,Secretary,62,36333
570,Victoir,Besemer,1,0,Software Developer,51,77780
571,Anjanette,Westbrook,0,0,Psychologist,60,71889
572,Brose,Prandoni,1,0,Secretary,60,36389
573,Matias,McGhie,1,1,Social Worker,26,47131
574,Thatch,Brum,1,0,Product Manager,46,122399
575,Derrik,Trippitt,1,0,Marketing Manager,29,122817
576,Thaddeus,Berfoot,1,1,Bartender,39,19781
577,Kareem,Dunnan,1,1,Lawyer,52,113744
578,Agustin,Bricham,1,0,Social Worker,75,46649
579,Joachim,Shoreman,1,1,Pharmacist,76,114285
580,Chelsy,Linner,0,0,Writer,74,60329
581,Eleonore,Skeggs,0,0,Orthodontist,26,209033
582,Cleon,Postlewhite,1,1,Politician,59,176534
583,Dannye,Ridger,0,0,Chemical Engineer,26,98459
584,Gipsy,McCrory,0,1,Farmer,46,64482
585,Salem,Coaten,1,1,Secretary,83,35913
586,Tobe,Ledbetter,1,0,Music Artist,78,32507
587,Brenda,Mozzetti,0,1,Physical Therapist,71,81399
588,Brnaby,Cheverton,1,1,Tax Manager,47,123174
589,Ilyse,Fishleigh,0,0,Physical Therapist,23,82832
590,Francine,Veall,0,0,Pilot,60,102356
591,Lief,Healings,1,0,Professor,74,73789
592,Minny,Fifoot,0,1,Surgeon,66,183996
593,Dre,Cauderlie,0,1,Geologist,28,90008
594,Dolph,Heinonen,1,1,Security Guard,79,24317
595,Violette,Cardoo,0,0,Risk Manager,57,124800
596,Murray,Schiell,1,0,Politician,32,176898
597,Clerissa,Giacomini,0,1,Police Officer,53,61214
598,Doralia,Credland,0,0,Occupational Therapist,60,79032
599,Chaddy,Hunstone,1,0,Data Scientist,64,113474
600,Audry,Jedrych,0,1,Tax Manager,73,119242
601,Bobby,Rimmington,1,0,Physican,36,184229
602,Vanny,Ferney,0,0,Mechanical Engineer,61,83106
603,Anitra,Rosenstengel,0,0,Writer,41,60858
604,Wallache,Mellsop,1,0,Orthodontist,34,208764
605,Nata,Veighey,0,0,Geologist,46,87617
606,Sterne,Sawyer,1,1,Sales Manager,27,115332
607,Gert,Pillman,0,0,Software Developer,23,78632
608,Barney,Herche,1,0,Professor,24,72607
609,Lynn,Gummer,1,1,Paramedic,51,31542
610,Inge,Greger,0,1,Mechanical Engineer,72,81524
611,Chilton,Frankel,1,0,Flight Attendant,62,44468
612,Sonnie,Colbrun,0,0,Risk Manager,33,126450
613,Tasha,Caustic,0,0,Cashier,35,19424
614,Lizzy,Jacob,0,0,Occupational Therapist,79,78052
615,Mallorie,Antrobus,0,1,Sales Manager,25,118544
616,Archibold,Heinsen,1,1,Web Developer,32,65708
617,Yank,Lowdham,1,0,Civil Engineer,47,78736
618,Antoinette,Heinzel,0,0,Surgeon,27,190438
619,Shanna,Hayesman,0,1,Recruiter,79,60939
620,Ly,Motion,1,1,Sales Manager,47,111998
621,Pincas,Manson,1,0,Driver,32,42004
622,Bernardine,Whalley,0,0,Driver,31,41702
623,Suzann,Lovemore,0,1,Tax Manager,50,119197
624,Farly,Gothup,1,1,Chef,79,42491
625,Johann,Lorenc,1,0,Civil Engineer,23,81299
626,Araldo,Badham,1,0,Music Artist,59,32452
627,Daphna,Hynard,0,1,Geologist,44,86770
628,Earvin,Furmenger,1,0,Electrical Engineer,26,93579
629,Lorilee,Fawlo,0,0,Web Developer,82,64249
630,Eben,Trevithick,1,0,Paramedic,69,31505
631,Desmund,Blucher,1,0,Cashier,48,19315
632,Coretta,Robeson,0,0,Recruiter,81,62552
633,Dorothy,Latty,0,0,Police Officer,67,61075
634,Brady,Lewerenz,1,1,Lawyer,80,116587
635,Mendy,Capstack,1,0,Music Artist,53,32140
636,Shanta,Beswetherick,0,1,Civil Engineer,75,84025
637,Roxana,Birchenhead,0,0,Teacher,68,61091
638,Darrick,Stallworthy,1,0,Teacher,82,59188
639,Horatio,Duignan,1,0,Writer,34,57574
640,Jeralee,Sparrowe,0,1,Mechanical Engineer,75,81748
641,Tann,Gauson,1,1,Marketing Manager,24,124404
642,Erin,Laneham,1,1,Doctor,52,190908
643,Benton,Caldeyroux,1,1,Civil Engineer,38,82171
644,Angelico,Harrigan,1,0,Pharmacist,23,119540
645,Jessi,Lanchbury,0,1,Paramedic,78,32619
646,Yulma,Meah,1,1,Tax Manager,38,122388
647,Brnaby,MacElharge,1,0,Physican Assistant,72,97033
648,Zarla,Shanley,0,0,Tax Manager,55,124833
649,Mario,Abdee,1,0,Civil Engineer,57,81019
650,Collete,Bodd,0,1,Electrical Engineer,78,97644
651,Regan,Bartoszewicz,1,1,Risk Manager,60,128862
652,Chucho,Cristofolini,1,0,Cashier,61,18950
653,Whitney,Millhill,1,0,Surgeon,21,185206
654,Shawn,Goade,0,0,Chemical Engineer,81,99425
655,Billy,Robroe,0,0,Dentist,77,162243
656,Carly,Frid,0,1,Driver,39,40456
657,Julio,Paxeford,1,1,Pharmacist,75,117460
658,Wallis,Whereat,1,1,Accountant,84,65592
659,Carma,Jorger,0,0,Physican,34,192588
660,Megen,Sheron,0,0,Nurse,41,68310
661,Tiffanie,Juanes,0,1,Chef,40,41755
662,Park,Yockney,1,0,Music Artist,40,32722
663,Merna,Gaylard,0,0,Physican Assistant,80,97860
664,Gerrilee,Blumfield,0,0,Music Artist,24,31803
665,Kylen,O'Doogan,0,0,Chemical Engineer,32,93525
666,Darryl,Phin,1,1,Nurse,62,67414
667,Brandtr,Erley,1,0,Police Officer,34,59592
668,Minetta,Gallamore,0,1,Civil Engineer,73,82241
669,Nickolaus,Cock,1,0,Electrical Engineer,22,94711
670,Devora,Poetz,0,1,Actor,39,52473
671,Olenolin,Capaldi,1,0,Nurse,38,67629
672,Hammad,Kleis,1,1,Electrical Engineer,42,96969
673,Freda,Berzon,0,1,Secretary,72,35748
674,Vonny,Perrington,0,0,Electrical Engineer,34,94071
675,Alessandro,Burk,1,0,Finance Manager,51,123152
676,Victoir,Greaterex,1,0,Sales Manager,74,111738
677,Lamar,Aylesbury,1,1,Pilot,77,100644
678,Heddi,Ricciardelli,0,0,Chef,63,41213
679,Milli,Wesley,0,0,Driver,79,40997
680,Sharity,Godbolt,0,1,Nurse,68,67662
681,Xenos,Camblin,1,0,Physican Assistant,82,96741
682,Rich,Scantleberry,1,0,Pharmacist,49,112650
683,Bendick,Yexley,1,0,Secretary,38,38228
684,Brandais,Letch,0,1,Geologist,85,87786
685,Deonne,Dybell,0,1,Driver,55,40349
686,Lacy,Elmes,0,1,Pharmacist,73,114622
687,Neysa,Chritchlow,0,0,Geologist,54,90348
688,Kale,Leggott,1,0,Security Guard,29,25409
689,Kenn,Dickens,1,0,Paramedic,28,31547
690,Trenton,Keford,1,1,Web Developer,28,63584
691,Kimberley,Proud,0,1,Cashier,83,19618
692,Enrica,Jochens,0,1,Recruiter,77,62888
693,Vaclav,Wawer,1,0,Chef,28,41396
694,Delilah,Dacre,0,1,Chemical Engineer,62,98030
695,Fidel,Brazenor,1,1,Geologist,55,91242
696,Tiff,Wyllcock,0,0,Data Scientist,35,115923
697,Ortensia,Bidder,0,1,Accountant,69,68483
698,Morey,Dibden,1,1,Psychologist,40,71257
699,Corby,Ramsted,1,1,Dentist,32,159337
700,Rosalinde,Johann,0,1,Surgeon,81,193098
701,Leonid,Sich,1,0,Occupational Therapist,72,83350
702,Mame,Nelissen,0,1,Chef,45,42809
703,Helaina,Mee,0,0,Orthodontist,55,206602
704,Riccardo,Bubbear,1,1,Soldier,52,33976
705,Nady,Sant,0,1,Electrical Engineer,61,97816
706,Nevins,Burstow,1,0,Bartender,76,19731
707,Sigmund,Presslee,1,0,Cashier,78,19034
708,Lezlie,Soldan,0,0,Social Worker,32,46502
709,Penny,Ewbanche,0,1,Lawyer,41,120425
710,Carson,Marritt,1,0,Dentist,29,154175
711,Manda,Overill,0,0,Occupational Therapist,84,79499
712,Celle,Crosoer,0,1,Cashier,29,19389
713,Joe,Roakes,1,1,Web Developer,77,65472
714,Lauraine,Calway,0,1,Actor,66,51854
715,Jacqueline,Yeardley,0,1,Politician,64,173873
716,Kassi,Emer,0,1,Paramedic,60,31979
717,Worthington,Ahrend,1,1,Risk Manager,60,128363
718,Kary,Trevillion,0,1,Secretary,60,34677
719,Othella,Browncey,0,1,Flight Attendant,68,44774
720,Lars,Hernik,1,1,Cashier,73,19196
721,Fay,Bruton,0,1,Finance Manager,56,126313
722,Susanna,Van Dale,0,0,Social Worker,48,45349
723,Bibbie,Bickell,0,1,Accountant,43,68138
724,Etti,Markel,0,1,Music Artist,64,31914
725,Barrie,McGrann,1,0,Nurse,33,70426
726,Dilly,Aickin,1,1,Civil Engineer,45,83206
727,Monica,Feitosa,0,0,Pilot,27,101181
728,Tymothy,Cheltnam,1,1,Surgeon,75,191959
729,Owen,Haig,1,0,Security Guard,43,23440
730,Ceciley,Angel,0,0,Doctor,35,185942
731,Rasia,Couser,0,0,Secretary,23,35553
732,Jamey,Marsie,1,0,Farmer,54,64949
733,Corly,Browett,0,1,Psychologist,22,73761
734,Sela,Saunton,0,1,Software Developer,40,79150
735,Tallie,Guswell,0,0,Data Scientist,45,112771
736,Richy,Carden,1,1,Physican Assistant,22,96571
737,Timothee,Fulcher,1,0,Accountant,51,66188
738,Fayth,Taffurelli,0,0,Pilot,58,102384
739,Helene,Sydall,0,0,Writer,35,59565
740,Anni,Gabites,0,0,Security Guard,30,23605
741,Victoria,Mille,0,0,Marketing Manager,72,124372
742,Isidora,Puleston,0,0,Nurse,23,68865
743,Kingsly,Kesteven,1,0,Driver,48,40942
744,Rubetta,Goodswen,0,1,Orthodontist,26,213191
745,Hoebart,Toffts,1,0,Flight Attendant,56,43947
746,Alasdair,Nadin,1,0,Psychologist,71,72795
747,Rakel,Sissot,0,1,Finance Manager,49,125707
748,Blair,Elderidge,1,0,Security Guard,49,24403
749,Pall,Pietzke,1,1,Farmer,26,63504
750,Reine,Brocklehurst,0,0,Driver,26,40913
751,Isabeau,Darmody,0,1,Accountant,25,67442
752,Mathe,Tyrer,1,1,Dentist,43,158430
753,Randell,Rusbridge,1,1,Product Manager,65,121247
754,Farley,Lyddiard,1,1,Teacher,49,59435
755,Blythe,Sandle,0,0,Teacher,42,59161
756,Arlinda,Haithwaite,0,1,Physican Assistant,63,99110
757,Hayley,Tythe,0,0,Flight Attendant,29,45011
758,Welbie,Galsworthy,1,0,Occupational Therapist,34,81315
759,Derek,Feake,1,1,Product Manager,68,117369
760,Saunder,Hearn,1,0,Social Worker,71,45551
761,Tibold,Collington,1,1,Writer,84,60577
762,Regan,Raithmill,1,1,Sales Manager,44,117962
763,Law,Hucks,1,1,Cashier,23,19329
764,Matthias,Organ,1,0,Lawyer,27,116889
765,Bartholemy,Diament,1,1,Paramedic,67,31805
766,Matthaeus,Burrow,1,1,Flight Attendant,85,45473
767,Carmella,Matevosian,0,0,Accountant,32,69430
768,Lynnea,Michin,0,0,Geologist,67,88500
769,Valerye,Ledley,0,1,Chemical Engineer,51,94170
770,Audrey,Winters,0,1,Teacher,73,57168
771,Richard,Gossop,1,0,Sales Manager,53,114491
772,Tana,Mowen,0,1,Social Worker,36,45488
773,Vernon,McTurk,1,1,Accountant,41,67943
774,Chad,Yeskin,1,0,Secretary,77,37226
775,Garfield,Fluck,1,1,Web Developer,54,63066
776,Hazel,Campion,1,0,Writer,81,62208
777,Blanch,Meers,0,1,Cashier,73,19134
778,Tanner,Custard,1,0,Doctor,53,187863
779,Josepha,Thursfield,0,1,Flight Attendant,22,45042
780,Gothart,Villaron,1,1,Lawyer,55,117023
781,Biddie,Okenden,0,0,Lawyer,54,117806
782,Catlin,Harfoot,0,0,Surgeon,60,186373
783,Leia,Linstead,0,0,Soldier,53,34121
784,Ninon,St Louis,0,0,Surgeon,40,191696
785,Xena,Yatman,0,1,Surgeon,69,189532
786,Linea,Litt,0,1,Mechanical Engineer,64,84627
787,Roth,Paulo,1,1,Product Manager,80,123147
788,Jedd,Sego,1,1,Soldier,40,33249
789,Baldwin,Sales,1,1,Marketing Manager,78,125685
790,Hasty,Alabastar,1,1,Lawyer,29,113034
791,Lidia,Raymond,0,1,Secretary,84,34595
792,Arie,Hasty,1,0,Politician,29,175544
793,Rafe,Mattschas,1,1,Pilot,24,103017
794,Nollie,Larter,1,1,Chef,80,42835
795,Wrennie,Chipchase,0,1,Sales Manager,35,115760
796,Alexis,Greenway,0,0,Teacher,70,57573
797,Antoinette,Cumbes,0,0,Security Guard,42,24801
798,Issiah,Dudney,1,0,Secretary,25,36996
799,Valenka,Dominicacci,0,0,Civil Engineer,79,82005
800,Kienan,Hirtz,1,1,Psychologist,22,73718
801,Brandais,Molan,0,0,Physican,27,187980
802,Corabelle,Saville,0,0,Civil Engineer,54,84634
803,Stormy,Whitehorne,0,1,Secretary,70,35862
804,Carmine,Tunna,1,0,Police Officer,50,61105
805,Kassi,Presslee,0,1,Product Manager,59,119025
806,Bjorn,Bolduc,1,0,Chemical Engineer,76,94195
807,Romona,Cridlon,0,1,Risk Manager,60,123797
808,Meg,Housby,0,0,Software Developer,57,78161
809,Norry,Woodlands,0,0,Doctor,63,185112
810,Ebonee,Whetland,0,0,Pilot,52,99029
811,Layney,Grey,0,0,Mechanical Engineer,59,83052
812,Rozamond,Willox,0,0,Finance Manager,60,126515
813,Gillan,Leethem,0,1,Paramedic,52,32258
814,Tildie,Clempton,0,0,Police Officer,76,61027
815,Patty,Meriel,0,0,Electrical Engineer,28,95590
816,Sheffy,Gabbetis,1,0,Software Developer,57,80547
817,Zea,Leheude,0,0,Recruiter,31,59521
818,Milli,Brittoner,0,0,Physican,58,187202
819,Curcio,Dunseath,1,1,Lawyer,51,117522
820,Tulley,Struan,1,0,Paramedic,24,31899
821,Aharon,Clempton,1,0,Nurse,82,67133
822,Germain,Isabell,1,1,Soldier,45,33436
823,Griselda,Davenall,0,0,Writer,39,62115
824,Christyna,Vermer,0,0,Product Manager,80,118141
825,Hort,Gilardengo,1,1,Farmer,31,66069
826,Glynis,Broadfield,0,1,Finance Manager,61,126002
827,Amalee,Hallibone,0,1,Secretary,60,37074
828,Crysta,Picardo,0,1,Farmer,49,62378
829,Leyla,Inglesent,0,1,Cashier,64,19625
830,Klarika,Battman,0,0,Pilot,83,102716
831,Venita,Wedge,0,0,Writer,46,60778
832,Rhodia,Self,0,1,Flight Attendant,34,44167
833,Ruddie,Likly,1,1,Sales Manager,60,114109
834,Morena,Thow,0,1,Accountant,40,70040
835,Penrod,Deegin,1,1,Dentist,52,156938
836,Lucas,Alekhov,1,0,Lawyer,76,115807
837,Dillie,Hollerin,1,0,Cashier,61,19947
838,Berta,Greeno,0,1,Bartender,59,19181
839,Christalle,Grodden,0,1,Geologist,37,89778
840,Frayda,Poschel,0,1,Police Officer,66,62317
841,Leonerd,Compfort,1,0,Chemical Engineer,60,94662
842,Dennet,Marns,1,0,Soldier,77,32158
843,Bordy,Ravenshaw,1,1,Pilot,27,103437
844,Jules,Drinkall,1,1,Physican Assistant,72,95305
845,Brianne,Madelin,0,0,Physican Assistant,73,99363
846,Amalia,Daley,0,0,Orthodontist,37,215382
847,Dotti,Allcorn,0,0,Electrical Engineer,77,94705
848,Eldon,Jouannisson,1,0,Writer,79,61201
849,Burnard,Hosten,1,0,Bartender,46,19249
850,Freddie,Wasling,1,1,Nurse,43,68583
851,Malina,Macken,0,1,Music Artist,55,31651
852,Julienne,Le Prevost,0,0,Economist,60,97978
853,Berti,Khomich,1,0,Chemical Engineer,82,97556
854,Myca,Mouget,1,0,Politician,53,171881
855,Sonya,Udell,0,1,Nurse,60,65885
856,York,Kusick,1,0,Police Officer,47,62698
857,Dirk,O'Shiels,1,0,Risk Manager,37,128834
858,Arvy,Springall,1,0,Marketing Manager,81,129878
859,Jazmin,Attenborrow,0,0,Nurse,75,66979
860,Pammy,Fownes,0,1,Cashier,68,18240
861,Gigi,Marlor,0,0,Doctor,56,180431
862,Ola,Schwandermann,0,1,Orthodontist,54,213219
863,Vern,Kelbie,1,0,Chef,80,41915
864,Derek,Lille,1,1,Writer,23,60831
865,Cesya,Le Teve,0,0,Surgeon,23,177357
866,Jemmy,Balaam,0,0,Sales Manager,45,114618
867,Madelina,Struis,0,0,Surgeon,77,190243
868,Alphonse,Rainton,1,1,Cashier,55,18743
869,Jacquenetta,Vinnick,0,0,Music Artist,46,31370
870,Daren,Blaschke,1,0,Flight Attendant,73,44595
871,Vale,Yearnsley,1,0,Mechanical Engineer,73,83661
872,Ervin,De la Feld,1,0,Geologist,42,88603
873,Milissent,Hegg,0,0,Chef,33,41575
874,Lindsey,Jeanes,0,0,Sales Manager,52,111943
875,Antoni,Urian,1,1,Sales Manager,22,115507
876,Corene,Mowat,0,1,Surgeon,75,187388
877,Pearline,Eastup,0,0,Teacher,27,60092
878,Brittney,Vlies,0,0,Nurse,56,67204
879,Leilah,Fagg,0,0,Data Scientist,71,112529
880,Callida,Pohl,0,1,Tax Manager,27,119355
881,Bernard,Phelan,1,0,Surgeon,77,188328
882,Constantine,Maginn,0,0,Bartender,51,19627
883,Wynn,Fawloe,0,0,Actor,35,51951
884,Mortie,Matveiko,1,1,Accountant,42,69700
885,Kahlil,Tunnacliffe,1,1,Sales Manager,56,113955
886,Ruthy,Hinkins,0,0,Risk Manager,57,127596
887,Elga,Menguy,0,0,Sales Manager,82,110113
888,Justis,Collerd,1,0,Occupational Therapist,62,81396
889,Kalila,Hendrikse,0,0,Sales Manager,55,113465
890,Hyacinthie,Tredger,0,1,Pilot,28,101870
891,Sashenka,Nudds,0,0,Pilot,64,107016
892,Dukie,McKennan,1,0,Driver,33,41974
893,Margaux,Pinney,0,0,Civil Engineer,23,81404
894,Alexandra,Giron,0,1,Tax Manager,46,122135
895,Quintina,Rawstorne,0,1,Data Scientist,60,113615
896,Ivonne,Warcop,0,0,Flight Attendant,28,44187
897,Marielle,Dicken,0,0,Writer,53,59241
898,Tucky,Bertelet,1,1,Dentist,77,156970
899,Jeanie,Humfrey,0,0,Pilot,42,101274
900,Hobard,Huckle,1,0,Flight Attendant,74,44612
901,Giuditta,Errowe,0,0,Surgeon,24,188141
902,Mercie,Chippin,0,0,Bartender,36,19460
903,Lorinda,Curnokk,0,0,Orthodontist,58,201208
904,Roxane,Worman,0,1,Occupational Therapist,21,79112
905,Ludvig,Hasson,1,1,Writer,56,57548
906,Casar,Faltin,1,1,Cashier,71,19800
907,Margarette,Bennet,0,0,Flight Attendant,55,45986
908,Leda,Pollicott,0,0,Accountant,69,69179
909,Tanner,Presswell,1,0,Marketing Manager,29,122633
910,Valene,Bernaert,0,0,Driver,64,40665
911,Theresina,Corby,0,0,Police Officer,53,59304
912,Merl,Chidley,0,1,Physican,43,192543
913,Doreen,Gaddes,0,1,Physican,58,187099
914,Skippie,Mottershaw,1,1,Recruiter,73,61146
915,Lyndsey,Brann,0,1,Flight Attendant,85,45342
916,Gayelord,Solan,1,0,Farmer,59,65721
917,Sidney,Yurocjkin,1,0,Physical Therapist,51,85935
918,Fifi,Loxly,0,1,Chemical Engineer,57,96189
919,Fancy,Doddridge,0,1,Security Guard,84,24700
920,Diena,Kording,0,0,Data Scientist,48,113318
921,Adah,Lescop,0,0,Security Guard,71,25160
922,Hadrian,Salvadore,1,1,Risk Manager,57,122431
923,Aretha,Grimsley,0,1,Occupational Therapist,70,79183
924,Hyacinthia,Joreau,0,0,Secretary,68,36136
925,Bearnard,Creak,1,1,Software Developer,59,78991
926,Dun,Archley,1,0,Mechanical Engineer,43,80825
927,Electra,Pinwill,0,0,Security Guard,29,24322
928,Kirby,Neary,0,1,Physical Therapist,78,84608
929,Tiffie,Belson,0,1,Farmer,61,61710
930,Arel,Dominy,1,1,Professor,82,71611
931,Stephanie,Arens,0,0,Actor,55,52575
932,Hube,Artinstall,1,1,Paramedic,24,32352
933,Taylor,Dressel,1,1,Cashier,57,19646
934,Minnaminnie,Jakobssen,0,0,Physican,43,189542
935,Timofei,Hyrons,1,1,Professor,42,72103
936,Joelynn,Masham,0,0,Chef,70,42755
937,Maje,Shankland,1,1,Driver,69,40625
938,Jeddy,Mohring,1,0,Accountant,64,65700
939,Reyna,Kay,0,0,Lawyer,83,113852
940,Haydon,Belderfield,1,0,Orthodontist,77,212561
941,Amerigo,Dixey,1,0,Teacher,22,60129
942,Edgardo,Arthy,1,0,Flight Attendant,38,45147
943,Reinwald,Coleford,1,0,Marketing Manager,56,129536
944,Lawton,Govan,1,0,Doctor,56,188849
945,Page,Nicholls,1,1,Occupational Therapist,58,81996
946,Beth,Blacket,0,1,Physical Therapist,29,85254
947,Devondra,Coggins,0,1,Soldier,25,34614
948,Gabriella,Petren,0,1,Flight Attendant,52,45686
949,Augusto,Tadlow,1,0,Physical Therapist,69,83082
950,Adena,Hazel,0,1,Sales Manager,63,117403
951,Carlo,Bakster,1,1,Paramedic,51,32469
952,Nobie,Risebrow,1,0,Web Developer,63,65405
953,Sunshine,Smallbone,0,0,Finance Manager,34,125020
954,Norrie,Kynastone,0,1,Economist,25,101615
955,Ruddy,Shirtcliffe,1,1,Soldier,44,34128
956,Maible,Semmens,0,1,Web Developer,40,65467
957,Welsh,Gaitone,1,0,Writer,84,59372
958,Leola,Mallebone,0,0,Police Officer,85,58872
959,Perrine,Ralton,0,1,Recruiter,31,62414
960,Thornie,Hillett,1,1,Occupational Therapist,23,82788
961,Stefania,Unsworth,0,0,Product Manager,28,118101
962,Sheri,Ishak,0,1,Music Artist,22,32444
963,Darrell,Broadbent,1,0,Software Developer,50,78234
964,Roi,Boatswain,1,0,Lawyer,80,113439
965,Aurie,Wrefford,0,0,Physican Assistant,53,100298
966,Verena,Gill,0,1,Occupational Therapist,35,79916
967,Torrey,Kaysor,1,1,Physican,81,179254
968,Rice,Noli,1,0,Sales Manager,58,116623
969,Mortie,Rooson,1,0,Bartender,26,18994
970,Kendra,Fury,0,0,Tax Manager,72,119223
971,Bianca,Simonds,0,1,Physican Assistant,71,97116
972,Dora,Ponsford,0,0,Social Worker,65,44267
973,Karim,Hubane,1,1,Music Artist,41,33924
974,Nikolaus,De Souza,1,1,Pharmacist,54,115050
975,Aguste,Whacket,1,0,Civil Engineer,34,81200
976,Vernice,Vaggers,0,1,Driver,50,42203
977,Gaston,Arnout,1,0,Civil Engineer,79,81017
978,Danica,Keen,0,0,Product Manager,26,115917
979,Cody,Theriot,1,0,Nurse,51,68605
980,Mark,Crummie,1,0,Economist,52,98597
981,Nicky,Schulter,1,1,Politician,44,175895
982,Krisha,Dubois,1,0,Finance Manager,35,126743
983,Duffie,Dunabie,1,1,Product Manager,58,121683
984,Eba,Bertl,0,0,Web Developer,35,64405
985,Sylvia,Punshon,0,0,Occupational Therapist,28,79216
986,Wesley,Hadlington,1,0,Recruiter,31,63723
987,Francklyn,Botte,1,1,Lawyer,36,112865
988,Raoul,Christofle,1,1,Psychologist,35,71039
989,Nicholas,Edsell,1,0,Physican Assistant,41,96871
990,Sarita,Boyes,0,0,Professor,82,73222
991,Lezley,Schulze,1,0,Sales Manager,27,115686
992,Kizzee,Beevors,0,1,Driver,58,40734
993,Julian,Willetts,1,1,Bartender,75,19290
994,Gerrard,Benda,1,1,Product Manager,44,119239
995,Jakie,Cuschieri,1,1,Pharmacist,54,116244
996,Alfy,Tavner,1,0,Electrical Engineer,43,93411
997,Adorne,Brandino,0,1,Mechanical Engineer,58,82808
998,Sonni,Gaffon,0,0,Doctor,41,188907
999,Eleanore,Fusco,0,0,Electrical Engineer,45,96537
