id,first_name,last_name,gender,prev_donor,is_bilingual,occupation
1,Jammal,Dowdney,Male,TRUE,FALSE,Physican
2,Modesta,Giffkins,Female,TRUE,TRUE,Farmer
3,Kellyann,Petrecz,Female,TRUE,TRUE,Web Developer
4,Spike,Rippingall,Male,TRUE,TRUE,Product Manager
5,Meier,Pappin,Male,FALSE,TRUE,Sales Manager
6,Filia,Dunk,Female,TRUE,TRUE,Actor
7,Irene,Paddison,Female,FALSE,FALSE,Bartender
8,Gideon,Alderwick,Male,TRUE,TRUE,Physican Assistant
9,Conn,Darlison,Male,FALSE,TRUE,Dentist
10,Napoleon,Jagiela,Male,FALSE,TRUE,Actor
11,Lorette,Lanktree,Female,TRUE,TRUE,Nurse
12,Vernice,Spendlove,Female,FALSE,FALSE,Electrical Engineer
13,Suzette,MacHoste,Female,FALSE,TRUE,Tax Manager
14,Bari,O'Carroll,Female,TRUE,TRUE,Police Officer
15,Ardelia,Pendall,Female,FALSE,TRUE,Accountant
16,Junia,Riley,Female,FALSE,TRUE,Accountant
17,Arlen,Pocknoll,Female,FALSE,TRUE,Farmer
18,Albina,Grigolashvill,Female,TRUE,TRUE,Lawyer
19,Izaak,Gildersleeve,Male,TRUE,TRUE,Physican Assistant
20,Anderson,Mazzilli,Male,TRUE,FALSE,Actor
21,Con,Luthwood,Female,FALSE,TRUE,Police Officer
22,Della,McGing,Female,FALSE,TRUE,Chef
23,Reidar,Durkin,Male,TRUE,FALSE,Orthodontist
24,Skyler,Heinreich,Male,TRUE,TRUE,Marketing Manager
25,Farley,Agget,Male,TRUE,FALSE,Driver
26,Wash,Tointon,Male,TRUE,TRUE,Bartender
27,Suzanne,Redgate,Female,FALSE,FALSE,Finance Manager
28,Annie,Byer,Female,FALSE,TRUE,Chemical Engineer
29,Mar,Emmot,Male,FALSE,TRUE,Security Guard
30,Bertina,Ryal,Female,FALSE,FALSE,Physican
31,Nicolle,Lintin,Female,TRUE,FALSE,Accountant
32,Ardys,Terbeek,Female,FALSE,TRUE,Product Manager
33,Noni,Kilgannon,Female,TRUE,FALSE,Product Manager
34,Cassie,Veneur,Female,FALSE,FALSE,Civil Engineer
35,Arlinda,Issacof,Female,TRUE,TRUE,Farmer
36,Ashlen,Eaves,Female,TRUE,FALSE,Risk Manager
37,Hatty,Matthewman,Female,TRUE,TRUE,Finance Manager
38,Lanie,Kemitt,Male,TRUE,TRUE,Paramedic
39,Jocelin,Muzzillo,Female,TRUE,TRUE,Accountant
40,Hayyim,Kittley,Male,TRUE,FALSE,Flight Attendant
41,Angie,Letson,Female,TRUE,TRUE,Risk Manager
42,Tybalt,Battershall,Male,FALSE,TRUE,Sales Manager
43,Germain,McCurtin,Male,TRUE,TRUE,Professor
44,Cherin,Ternouth,Female,FALSE,FALSE,Bartender
45,Luz,Vuitte,Female,TRUE,FALSE,Farmer
46,Gothart,Yoodall,Male,FALSE,TRUE,Paramedic
47,Celie,Terrazzo,Female,FALSE,TRUE,Accountant
48,Chic,Cordes,Male,TRUE,FALSE,Professor
49,Wainwright,Kainz,Male,TRUE,TRUE,Actor
50,Rafaellle,Lennon,Male,TRUE,FALSE,Data Scientist
51,Carlie,Brockway,Male,TRUE,FALSE,Social Worker
52,Kenny,Dunkerton,Male,FALSE,TRUE,Actor
53,Royal,Monteith,Male,FALSE,FALSE,Pilot
54,Dahlia,Swanbourne,Female,FALSE,TRUE,Music Artist
55,Pia,Shimoni,Female,TRUE,TRUE,Psychologist
56,Gayle,Gronw,Female,TRUE,TRUE,Secretary
57,Udall,Gusney,Male,TRUE,TRUE,Professor
58,Carola,Yeandel,Female,TRUE,TRUE,Dentist
59,Lyda,Barniss,Female,FALSE,TRUE,Farmer
60,Kitti,Simnell,Female,TRUE,TRUE,Paramedic
61,Stephie,Little,Female,FALSE,TRUE,Occupational Therapist
62,Stanislaw,Cariss,Male,FALSE,TRUE,Electrical Engineer
63,Raye,Hellwing,Female,FALSE,TRUE,Social Worker
64,Ramsay,Trimmill,Male,FALSE,TRUE,Marketing Manager
65,Marleen,Philo,Female,TRUE,TRUE,Soldier
66,Reid,Ivan,Male,FALSE,FALSE,Flight Attendant
67,Roderich,Marwick,Male,TRUE,FALSE,Actor
68,Joann,Milazzo,Female,TRUE,FALSE,Risk Manager
69,Christiana,Pickersail,Female,FALSE,TRUE,Security Guard
70,Valene,Taleworth,Female,TRUE,TRUE,Farmer
71,Feliza,Sampey,Female,TRUE,TRUE,Occupational Therapist
72,Devon,Corrigan,Female,FALSE,TRUE,Chemical Engineer
73,Robb,Buxcey,Male,TRUE,TRUE,Dentist
74,Perry,Umpleby,Female,FALSE,TRUE,Pilot
75,Harrison,Spadelli,Male,TRUE,FALSE,Politician
76,Tricia,Matantsev,Female,FALSE,FALSE,Politician
77,Jobyna,Adanet,Female,FALSE,TRUE,Professor
78,Sheilah,Smitherham,Female,TRUE,TRUE,Marketing Manager
79,Kellina,Anthon,Female,FALSE,TRUE,Professor
80,Shell,Kingsly,Male,TRUE,TRUE,Marketing Manager
81,Leonelle,Peverell,Female,FALSE,FALSE,Geologist
82,Shanda,Gencke,Female,TRUE,FALSE,Farmer
83,Roshelle,Dunbobin,Female,FALSE,TRUE,Sales Manager
84,Twyla,Geeson,Female,FALSE,FALSE,Teacher
85,Hetti,Jansa,Female,FALSE,FALSE,Surgeon
86,Allene,Morpeth,Female,TRUE,FALSE,Risk Manager
87,Sebastien,Padly,Male,TRUE,FALSE,Secretary
88,Theodoric,Burch,Male,TRUE,TRUE,Soldier
89,Thoma,Ploughwright,Male,FALSE,TRUE,Electrical Engineer
90,Wynn,Whyborn,Female,TRUE,FALSE,Data Scientist
91,Elmira,Asser,Female,TRUE,FALSE,Economist
92,Caroline,Bursell,Female,FALSE,FALSE,Actor
93,Brandy,Reany,Male,TRUE,FALSE,Risk Manager
94,Theda,Thaim,Female,TRUE,TRUE,Professor
95,Dur,Sewards,Male,TRUE,TRUE,Orthodontist
96,Baryram,Wilkie,Male,FALSE,FALSE,Secretary
97,Caprice,Furniss,Female,TRUE,FALSE,Chef
98,Westbrook,Gautrey,Male,TRUE,TRUE,Social Worker
99,Dante,Cloughton,Male,TRUE,TRUE,Secretary
100,Goldi,Poetz,Female,FALSE,TRUE,Web Developer
101,Nydia,Wisam,Female,FALSE,FALSE,Recruiter
102,Winna,Cutts,Female,FALSE,TRUE,Chef
103,Jacquenette,Dillet,Female,FALSE,TRUE,Social Worker
104,Natty,Splevin,Male,FALSE,TRUE,Dentist
105,Magdalena,Breach,Female,TRUE,FALSE,Orthodontist
106,Herb,Normavill,Male,TRUE,FALSE,Social Worker
107,Jordana,McFadin,Female,TRUE,FALSE,Recruiter
108,Emmit,Liebrecht,Male,TRUE,TRUE,Teacher
109,Sheryl,Sergison,Female,FALSE,FALSE,Sales Manager
110,Bastien,Lieb,Male,TRUE,FALSE,Sales Manager
111,Gerard,Lief,Male,TRUE,FALSE,Psychologist
112,Waylan,Swadlin,Male,TRUE,TRUE,Lawyer
113,Sibbie,Splevings,Female,FALSE,FALSE,Accountant
114,Saraann,Creedland,Female,FALSE,TRUE,Driver
115,Pat,Carstairs,Female,TRUE,TRUE,Writer
116,Christa,Spours,Female,FALSE,TRUE,Police Officer
117,Marys,Grimditch,Female,TRUE,TRUE,Driver
118,Janeczka,McKimmie,Female,FALSE,TRUE,Data Scientist
119,Katina,Birnie,Female,FALSE,TRUE,Teacher
120,Freemon,Jenk,Male,TRUE,FALSE,Lawyer
121,Godwin,Broun,Male,FALSE,TRUE,Bartender
122,Yolane,Cutsforth,Female,FALSE,FALSE,Finance Manager
123,Renaldo,Beale,Male,FALSE,TRUE,Orthodontist
124,Isidora,Beaver,Female,FALSE,TRUE,Web Developer
125,Tandie,Bullingham,Female,FALSE,FALSE,Chemical Engineer
126,Concordia,Stocker,Female,FALSE,TRUE,Professor
127,Bary,Brandreth,Male,FALSE,TRUE,Electrical Engineer
128,Grenville,Hallowes,Male,TRUE,FALSE,Pilot
129,Hewitt,Wix,Male,TRUE,TRUE,Chef
130,Jarvis,Woodlands,Male,FALSE,FALSE,Web Developer
131,Eolanda,Triebner,Female,FALSE,TRUE,Sales Manager
132,Jody,Pengilley,Male,TRUE,TRUE,Bartender
133,Barnett,Whitemarsh,Male,FALSE,FALSE,Secretary
134,Maximilian,Birchill,Male,FALSE,TRUE,Finance Manager
135,Marshall,Skures,Male,FALSE,TRUE,Chef
136,Thatch,Fowlston,Male,TRUE,FALSE,Social Worker
137,Leela,Lages,Female,FALSE,FALSE,Sales Manager
138,Kristen,Wickenden,Female,TRUE,TRUE,Chef
139,Walt,Pfeffle,Male,TRUE,TRUE,Writer
140,Nealson,Lidgerton,Male,FALSE,TRUE,Pilot
141,Adrienne,Karlik,Female,FALSE,TRUE,Geologist
142,Rani,Baxandall,Female,FALSE,FALSE,Driver
143,Elia,Billyeald,Male,FALSE,TRUE,Risk Manager
144,Charlena,Overland,Female,FALSE,FALSE,Mechanical Engineer
145,Raynell,McWhannel,Female,TRUE,TRUE,Bartender
146,Nadia,Holstein,Female,TRUE,TRUE,Product Manager
147,Odo,Smee,Male,TRUE,FALSE,Politician
148,Jobey,Padden,Female,TRUE,FALSE,Sales Manager
149,Alix,Mathissen,Male,TRUE,TRUE,Police Officer
150,Florian,Hammarberg,Male,FALSE,TRUE,Marketing Manager
151,Nerty,Cathenod,Female,FALSE,FALSE,Economist
152,Brigitte,Danbye,Female,TRUE,TRUE,Nurse
153,Lizbeth,Logg,Female,FALSE,TRUE,Cashier
154,Federica,Jendrach,Female,FALSE,TRUE,Risk Manager
155,Lolly,Whardley,Female,TRUE,FALSE,Mechanical Engineer
156,Alberto,Blenkinsop,Male,FALSE,FALSE,Professor
157,Ethelred,Matuszak,Male,FALSE,FALSE,Physical Therapist
158,Hunfredo,Bakeup,Male,TRUE,TRUE,Actor
159,Stanleigh,MacGall,Male,TRUE,TRUE,Security Guard
160,Carmine,Brocklebank,Female,TRUE,FALSE,Driver
161,Hayward,Ranstead,Male,TRUE,TRUE,Data Scientist
162,Viviyan,Shallcross,Female,FALSE,FALSE,Lawyer
163,Ashley,Syson,Male,FALSE,TRUE,Recruiter
164,Rozelle,Wanjek,Female,TRUE,TRUE,Actor
165,Arvin,But,Male,TRUE,TRUE,Bartender
166,Aurilia,Dibbs,Female,TRUE,TRUE,Driver
167,Robbie,Sigge,Male,FALSE,TRUE,Nurse
168,Flori,Benedite,Female,TRUE,TRUE,Occupational Therapist
169,Duff,Gebbie,Male,TRUE,FALSE,Physican
170,Irwin,Treadway,Male,TRUE,TRUE,Doctor
171,Herman,Whyley,Male,TRUE,FALSE,Electrical Engineer
172,Rod,Binner,Male,FALSE,FALSE,Risk Manager
173,Kerwin,Kealy,Male,FALSE,FALSE,Actor
174,Larry,Kirvell,Male,TRUE,TRUE,Actor
175,Sigmund,Tallant,Male,TRUE,TRUE,Web Developer
176,Tristan,Stoak,Male,TRUE,FALSE,Chemical Engineer
177,Letty,Barradell,Female,FALSE,TRUE,Paramedic
178,Wendye,Baden,Female,TRUE,FALSE,Economist
179,Helen,Arunowicz,Female,TRUE,FALSE,Politician
180,Nikkie,Lovell,Female,TRUE,TRUE,Surgeon
181,Kev,Sempill,Male,FALSE,TRUE,Electrical Engineer
182,Ursulina,Wulfinger,Female,FALSE,FALSE,Bartender
183,Linell,Bowring,Female,TRUE,FALSE,Police Officer
184,Cammy,Dearl,Male,TRUE,TRUE,Product Manager
185,Tamarra,Kees,Female,FALSE,FALSE,Writer
186,Keir,Tomkins,Male,FALSE,FALSE,Police Officer
187,Hercule,O' Cuolahan,Male,TRUE,FALSE,Accountant
188,Lancelot,Mc Pake,Male,FALSE,FALSE,Web Developer
189,Franciska,Gocke,Female,FALSE,TRUE,Writer
190,Fiorenze,Raisbeck,Female,FALSE,TRUE,Mechanical Engineer
191,Gwen,Scrowston,Female,TRUE,FALSE,Flight Attendant
192,Seamus,Way,Male,FALSE,FALSE,Occupational Therapist
193,Frederico,Manoch,Male,TRUE,TRUE,Software Developer
194,Othelia,Vokes,Female,FALSE,FALSE,Orthodontist
195,Saunder,Goodwyn,Male,FALSE,TRUE,Civil Engineer
196,Sigismond,Coules,Male,FALSE,FALSE,Bartender
197,Sayre,Kemball,Female,TRUE,FALSE,Risk Manager
198,Rita,Warboy,Female,FALSE,FALSE,Police Officer
199,Del,Burds,Male,FALSE,TRUE,Farmer
200,Stillmann,Gosswell,Male,TRUE,TRUE,Electrical Engineer
201,Lemuel,Jennick,Male,TRUE,TRUE,Bartender
202,Gilemette,Rau,Female,FALSE,FALSE,Mechanical Engineer
203,Laryssa,Lambshine,Female,TRUE,FALSE,Music Artist
204,Allen,Haines,Male,FALSE,TRUE,Driver
205,Talia,Yearne,Female,TRUE,FALSE,Accountant
206,Jorge,Fedorchenko,Male,FALSE,TRUE,Teacher
207,Jen,Domaschke,Female,FALSE,FALSE,Secretary
208,Dulcie,Povey,Female,FALSE,TRUE,Nurse
209,Maximilien,Piniur,Male,TRUE,TRUE,Risk Manager
210,Patience,Martinelli,Female,FALSE,TRUE,Dentist
211,Hayden,Leteurtre,Male,FALSE,FALSE,Professor
212,Gussy,McEnery,Female,FALSE,FALSE,Physican
213,Yulma,Parkes,Male,FALSE,FALSE,Actor
214,Tillie,Filshin,Female,TRUE,FALSE,Marketing Manager
215,Sigfried,Vaszoly,Male,TRUE,TRUE,Psychologist
216,Barnett,Postins,Male,TRUE,TRUE,Sales Manager
217,Reilly,Legrice,Male,FALSE,FALSE,Pilot
218,Quintus,Arrowsmith,Male,TRUE,FALSE,Secretary
219,Golda,Kleeborn,Female,TRUE,FALSE,Web Developer
220,Rocky,Francey,Male,TRUE,TRUE,Teacher
221,Fredra,Mantram,Female,FALSE,FALSE,Finance Manager
222,Gregoor,Pedroni,Male,TRUE,FALSE,Mechanical Engineer
223,Budd,Huguenet,Male,TRUE,TRUE,Actor
224,Andonis,Tock,Male,FALSE,TRUE,Economist
225,Buck,Golder,Male,FALSE,TRUE,Cashier
226,Nero,Larwell,Male,FALSE,FALSE,Professor
227,Kerr,Cousens,Male,TRUE,FALSE,Mechanical Engineer
228,Broddy,Casement,Male,TRUE,TRUE,Music Artist
229,Joy,St. Queintain,Female,TRUE,FALSE,Pharmacist
230,Eldin,Kiddle,Male,FALSE,FALSE,Secretary
231,Alonso,Dawtre,Male,FALSE,FALSE,Software Developer
232,Penelope,Burfoot,Female,TRUE,TRUE,Pilot
233,Liz,Whooley,Female,TRUE,TRUE,Social Worker
234,Leonard,Prestedge,Male,FALSE,FALSE,Nurse
235,Rowen,Awin,Male,TRUE,TRUE,Surgeon
236,Hildegarde,Lonsdale,Female,TRUE,FALSE,Bartender
237,Wendie,Isselee,Female,TRUE,TRUE,Farmer
238,Nickie,Gogan,Male,TRUE,FALSE,Economist
239,Cara,Swindon,Female,FALSE,FALSE,Civil Engineer
240,Lindi,Primmer,Female,FALSE,FALSE,Driver
241,Roseline,Longhorn,Female,FALSE,TRUE,Geologist
242,Gwyneth,Eagers,Female,FALSE,FALSE,Paramedic
243,Gayla,Rops,Female,TRUE,TRUE,Physican
244,Henri,Teresi,Male,TRUE,FALSE,Chemical Engineer
245,Arden,Grummitt,Female,TRUE,TRUE,Electrical Engineer
246,Natalya,Dowsing,Female,FALSE,TRUE,Chemical Engineer
247,Alisa,Halsho,Female,TRUE,FALSE,Teacher
248,Kirby,Testro,Female,TRUE,TRUE,Music Artist
249,Gabrila,Sneezum,Female,TRUE,FALSE,Doctor
250,Netti,McAne,Female,FALSE,FALSE,Chemical Engineer
251,Dunc,Wickwar,Male,FALSE,TRUE,Lawyer
252,Fraze,Calterone,Male,FALSE,FALSE,Chemical Engineer
253,Peria,Reaper,Female,FALSE,TRUE,Social Worker
254,Fannie,Bremen,Female,TRUE,FALSE,Nurse
255,Wilma,Ivancevic,Female,FALSE,FALSE,Nurse
256,Stefanie,Aggiss,Female,FALSE,FALSE,Mechanical Engineer
257,Gawain,Massei,Male,TRUE,TRUE,Orthodontist
258,Camala,Langhor,Female,TRUE,FALSE,Paramedic
259,Bobbe,Hradsky,Female,FALSE,FALSE,Professor
260,Ardys,Elix,Female,TRUE,TRUE,Psychologist
261,De witt,Phonix,Male,TRUE,TRUE,Web Developer
262,Gerri,Fairall,Female,FALSE,TRUE,Paramedic
263,Georgena,Sibborn,Female,TRUE,TRUE,Physican Assistant
264,Serene,Pogson,Female,FALSE,FALSE,Occupational Therapist
265,Trudie,Roy,Female,TRUE,TRUE,Pilot
266,Constantina,Van Der Hoog,Female,TRUE,TRUE,Sales Manager
267,Salomon,Pietrusiak,Male,FALSE,FALSE,Sales Manager
268,Pennie,Leaton,Male,FALSE,FALSE,Economist
269,Rica,Bratt,Female,FALSE,TRUE,Physical Therapist
270,Montague,Avramovitz,Male,FALSE,FALSE,Civil Engineer
271,Ciro,By,Male,FALSE,TRUE,Nurse
272,Chicky,Shoulder,Male,TRUE,TRUE,Actor
273,Zachery,Vsanelli,Male,TRUE,FALSE,Police Officer
274,Elsie,Heaysman,Female,FALSE,TRUE,Software Developer
275,Judye,Joyce,Female,FALSE,TRUE,Dentist
276,Ralina,Curson,Female,TRUE,TRUE,Sales Manager
277,Alvis,Croom,Male,FALSE,TRUE,Doctor
278,Daron,Tetsall,Female,FALSE,TRUE,Doctor
279,Gerard,Sherred,Male,FALSE,TRUE,Physican
280,Rock,Ivimey,Male,TRUE,TRUE,Music Artist
281,Harv,Currin,Male,FALSE,FALSE,Politician
282,Klarrisa,Sargint,Female,TRUE,TRUE,Risk Manager
283,Mycah,Holligan,Male,FALSE,TRUE,Chef
284,Deeann,Adamik,Female,FALSE,TRUE,Product Manager
285,Ofilia,Tayler,Female,FALSE,TRUE,Occupational Therapist
286,Donetta,Weatherhill,Female,FALSE,FALSE,Surgeon
287,Rudy,Folini,Male,TRUE,FALSE,Secretary
288,Brandy,Macveigh,Female,FALSE,TRUE,Orthodontist
289,Chrysa,De Biasio,Female,FALSE,TRUE,Pilot
290,Tracy,Constable,Female,TRUE,TRUE,Cashier
291,Chen,Larkin,Male,FALSE,FALSE,Actor
292,Imojean,Pendergrast,Female,FALSE,TRUE,Paramedic
293,Bradly,Ehrat,Male,TRUE,FALSE,Electrical Engineer
294,Hildagarde,Gianettini,Female,FALSE,TRUE,Flight Attendant
295,Horatio,Frow,Male,TRUE,FALSE,Chef
296,Addy,Smith,Male,FALSE,TRUE,Economist
297,Vernen,Macieiczyk,Male,TRUE,FALSE,Chemical Engineer
298,Mackenzie,Schrinel,Male,FALSE,TRUE,Nurse
299,Vernice,Critchley,Female,TRUE,FALSE,Professor
300,Blair,Kennham,Male,TRUE,TRUE,Paramedic
301,Sherwood,Howle,Male,FALSE,FALSE,Soldier
302,Carlina,Roe,Female,TRUE,FALSE,Accountant
303,Maribelle,Maffini,Female,TRUE,FALSE,Mechanical Engineer
304,Horst,Mallabund,Male,TRUE,TRUE,Surgeon
305,Paton,Kinforth,Male,FALSE,FALSE,Pharmacist
306,Nikolaos,Bevis,Male,TRUE,FALSE,Paramedic
307,Jerry,Dodds,Female,TRUE,FALSE,Civil Engineer
308,Gretchen,de Marco,Female,TRUE,FALSE,Accountant
309,Michal,Gricks,Female,TRUE,FALSE,Orthodontist
310,Royall,Moroney,Male,TRUE,FALSE,Recruiter
311,Lauri,Blennerhassett,Female,FALSE,FALSE,Software Developer
312,Ulric,Perutto,Male,FALSE,FALSE,Politician
313,Homere,Evins,Male,TRUE,FALSE,Lawyer
314,Jacquetta,Ovanesian,Female,FALSE,TRUE,Mechanical Engineer
315,Luella,Dimmne,Female,TRUE,FALSE,Cashier
316,Fairfax,Dulake,Male,FALSE,FALSE,Physican
317,Brande,Burnsyde,Female,TRUE,FALSE,Marketing Manager
318,Gerick,Coucha,Male,TRUE,TRUE,Product Manager
319,Hanan,Bortoli,Male,TRUE,TRUE,Pilot
320,Hortense,Bray,Female,TRUE,FALSE,Product Manager
321,Noemi,Whetson,Female,FALSE,FALSE,Lawyer
322,Goran,Dutteridge,Male,FALSE,TRUE,Recruiter
323,Filia,Monteith,Female,FALSE,FALSE,Risk Manager
324,Olenolin,Ferrarello,Male,TRUE,FALSE,Bartender
325,Haven,Gellan,Male,TRUE,TRUE,Nurse
326,Cullie,Ourry,Male,TRUE,TRUE,Software Developer
327,Sandie,Wiz,Female,TRUE,TRUE,Music Artist
328,Rosanne,Cowherd,Female,FALSE,FALSE,Mechanical Engineer
329,Sigvard,Lyness,Male,FALSE,FALSE,Surgeon
330,Patric,Coping,Male,TRUE,FALSE,Psychologist
331,Kurtis,Matchett,Male,TRUE,TRUE,Accountant
332,Saxe,McKeighen,Male,FALSE,FALSE,Occupational Therapist
333,Cory,Matuskiewicz,Male,TRUE,FALSE,Cashier
334,Mab,de Clercq,Female,TRUE,FALSE,Farmer
335,Nero,Lattimer,Male,TRUE,TRUE,Product Manager
336,Felipe,Itshak,Male,FALSE,TRUE,Geologist
337,Inna,Leyninye,Female,TRUE,TRUE,Cashier
338,Roxanna,Turnock,Female,FALSE,FALSE,Dentist
339,Heindrick,Sterte,Male,FALSE,FALSE,Orthodontist
340,Haywood,Mincher,Male,TRUE,FALSE,Pharmacist
341,Brook,Dewar,Female,TRUE,TRUE,Orthodontist
342,Lilia,Stockman,Female,TRUE,FALSE,Occupational Therapist
343,Ida,Hymas,Female,FALSE,TRUE,Physican Assistant
344,Port,Wasylkiewicz,Male,TRUE,FALSE,Professor
345,Nanon,Load,Female,FALSE,TRUE,Farmer
346,Jasun,Coxon,Male,FALSE,FALSE,Social Worker
347,Lauren,Lawlance,Female,TRUE,FALSE,Soldier
348,Wadsworth,Freschini,Male,TRUE,FALSE,Physican
349,Pattie,Sproston,Female,FALSE,TRUE,Lawyer
350,Kenon,Dreye,Male,FALSE,TRUE,Physical Therapist
351,Cristi,Rodolico,Female,TRUE,TRUE,Security Guard
352,Kaia,Bingell,Female,FALSE,TRUE,Risk Manager
353,Tarra,Baskeyfied,Female,TRUE,FALSE,Politician
354,Nathalia,Bourne,Female,TRUE,TRUE,Actor
355,Gradeigh,Whitmore,Male,TRUE,TRUE,Music Artist
356,Gweneth,Dello,Female,FALSE,FALSE,Driver
357,Xylina,Byk,Female,TRUE,FALSE,Pilot
358,Warde,Manssuer,Male,FALSE,TRUE,Orthodontist
359,Preston,Elgy,Male,TRUE,TRUE,Doctor
360,Fidelia,Enbury,Female,FALSE,TRUE,Civil Engineer
361,Brande,Lyal,Female,TRUE,TRUE,Chemical Engineer
362,Flemming,Eustace,Male,TRUE,TRUE,Risk Manager
363,Addi,Lovart,Female,FALSE,TRUE,Politician
364,Ellene,Tubbs,Female,FALSE,FALSE,Politician
365,Clayton,Slowey,Male,FALSE,TRUE,Cashier
366,Jocko,Winthrop,Male,TRUE,FALSE,Marketing Manager
367,Lisabeth,Hallihan,Female,FALSE,FALSE,Risk Manager
368,Kare,Baptiste,Female,TRUE,FALSE,Pharmacist
369,Euphemia,Travers,Female,FALSE,FALSE,Recruiter
370,Xymenes,Caramuscia,Male,TRUE,FALSE,Tax Manager
371,Bertie,Morffew,Female,TRUE,FALSE,Psychologist
372,Annmaria,Brassington,Female,FALSE,FALSE,Pharmacist
373,Cherish,Hugin,Female,TRUE,TRUE,Electrical Engineer
374,Sherm,Fearnside,Male,FALSE,FALSE,Cashier
375,Osborn,Hardcastle,Male,FALSE,FALSE,Chef
376,Gard,McNeillie,Male,FALSE,FALSE,Software Developer
377,Galvin,Viner,Male,TRUE,TRUE,Software Developer
378,Forrest,Ratcliffe,Male,TRUE,TRUE,Electrical Engineer
379,Eddie,Decayette,Female,TRUE,TRUE,Politician
380,Ted,Pharo,Male,TRUE,TRUE,Psychologist
381,Peggie,Rampling,Female,TRUE,FALSE,Geologist
382,Reid,Moorman,Male,FALSE,FALSE,Geologist
383,Robin,Simunek,Female,FALSE,TRUE,Professor
384,Vittorio,Clinning,Male,TRUE,TRUE,Dentist
385,Woodman,Stitwell,Male,FALSE,TRUE,Product Manager
386,Cathi,Yuryatin,Female,TRUE,FALSE,Bartender
387,Anstice,Bariball,Female,FALSE,TRUE,Tax Manager
388,Ailis,Giabuzzi,Female,FALSE,FALSE,Police Officer
389,Darelle,Crebbin,Female,FALSE,FALSE,Writer
390,Gaby,Hartnell,Female,TRUE,TRUE,Software Developer
391,Kahlil,Moyer,Male,FALSE,FALSE,Accountant
392,Bryce,Hayne,Male,FALSE,TRUE,Mechanical Engineer
393,Arleyne,Deans,Female,TRUE,TRUE,Civil Engineer
394,Fey,Barajaz,Female,FALSE,FALSE,Security Guard
395,Brigitta,Jandac,Female,TRUE,FALSE,Farmer
396,Darsie,Mullett,Female,TRUE,TRUE,Accountant
397,Alta,Quaif,Female,TRUE,TRUE,Professor
398,Kelsy,Comerford,Female,FALSE,FALSE,Dentist
399,Nonnah,Eadie,Female,FALSE,TRUE,Psychologist
400,Farrell,Wipper,Male,TRUE,FALSE,Teacher
401,Carlotta,Deaves,Female,TRUE,FALSE,Actor
402,Kittie,Playdon,Female,TRUE,TRUE,Occupational Therapist
403,Vance,Cheater,Male,TRUE,TRUE,Security Guard
404,Augustine,Tolhurst,Female,TRUE,TRUE,Chemical Engineer
405,Misti,Wardrop,Female,FALSE,FALSE,Surgeon
406,Yorke,Sach,Male,FALSE,FALSE,Tax Manager
407,Ethelbert,Milson,Male,FALSE,FALSE,Teacher
408,Zorana,Joberne,Female,TRUE,FALSE,Dentist
409,Devlen,Veart,Male,FALSE,TRUE,Professor
410,Trescha,Haddock,Female,TRUE,TRUE,Civil Engineer
411,Ethelind,Bulfit,Female,FALSE,FALSE,Dentist
412,Trude,Lupton,Female,TRUE,TRUE,Chef
413,Monika,Alleyne,Female,FALSE,TRUE,Physican Assistant
414,Mindy,Measor,Female,FALSE,FALSE,Finance Manager
415,Gaylor,Brick,Male,TRUE,FALSE,Chemical Engineer
416,Cristiano,Ismead,Male,FALSE,FALSE,Secretary
417,Carolus,Figgures,Male,TRUE,FALSE,Physical Therapist
418,Carmencita,Hadwin,Female,FALSE,FALSE,Security Guard
419,Seymour,Keyes,Male,TRUE,TRUE,Mechanical Engineer
420,Kimbell,Wallworth,Male,FALSE,FALSE,Music Artist
421,Lorin,Laweles,Male,TRUE,FALSE,Security Guard
422,Gene,Smoughton,Female,FALSE,FALSE,Web Developer
423,Lorine,Jaggers,Female,FALSE,TRUE,Physican Assistant
424,Annmarie,Willox,Female,FALSE,FALSE,Physican
425,Hogan,Menci,Male,FALSE,TRUE,Marketing Manager
426,Paule,Ithell,Female,FALSE,TRUE,Bartender
427,Valera,Liddell,Female,TRUE,TRUE,Chemical Engineer
428,Wallie,Bowhay,Female,FALSE,TRUE,Electrical Engineer
429,Steven,Paz,Male,TRUE,TRUE,Police Officer
430,Wainwright,Nore,Male,TRUE,FALSE,Nurse
431,Jaquith,Bescoby,Female,TRUE,FALSE,Doctor
432,Renee,Isack,Female,TRUE,TRUE,Civil Engineer
433,Pinchas,Brandassi,Male,TRUE,FALSE,Police Officer
434,Oates,Penning,Male,FALSE,TRUE,Farmer
435,Burl,Antonelli,Male,TRUE,FALSE,Actor
436,Leland,Perring,Male,FALSE,TRUE,Orthodontist
437,Doti,Gidman,Female,TRUE,TRUE,Paramedic
438,Luke,Lumsdale,Male,TRUE,TRUE,Psychologist
439,Gerome,Rankmore,Male,FALSE,FALSE,Lawyer
440,Roxanne,Temlett,Female,TRUE,FALSE,Software Developer
441,Audry,Strute,Female,FALSE,FALSE,Social Worker
442,Kelci,Cordery,Female,TRUE,TRUE,Civil Engineer
443,Kirk,Endle,Male,TRUE,FALSE,Web Developer
444,Dov,Tompion,Male,TRUE,TRUE,Politician
445,Percival,Demoge,Male,FALSE,TRUE,Social Worker
446,Francklyn,Ockenden,Male,TRUE,FALSE,Orthodontist
447,Rosemaria,Gaffey,Female,FALSE,FALSE,Flight Attendant
448,Hiram,Turn,Male,FALSE,TRUE,Secretary
449,Tedra,Mosdell,Female,FALSE,FALSE,Social Worker
450,Luelle,Willcocks,Female,TRUE,FALSE,Driver
451,Dougy,Andrassy,Male,FALSE,TRUE,Economist
452,Janice,De L'Isle,Female,FALSE,TRUE,Bartender
453,Modestia,Yurinov,Female,FALSE,TRUE,Physican Assistant
454,Vilhelmina,Wyburn,Female,FALSE,TRUE,Farmer
455,Jens,Mateja,Male,FALSE,FALSE,Finance Manager
456,Saidee,Sparks,Female,TRUE,TRUE,Electrical Engineer
457,Dolli,Lober,Female,FALSE,FALSE,Recruiter
458,Neils,Gatus,Male,FALSE,FALSE,Security Guard
459,Hamlin,McKeveney,Male,FALSE,FALSE,Doctor
460,Ina,Whiff,Female,TRUE,TRUE,Politician
461,Kristina,Rannie,Female,TRUE,FALSE,Police Officer
462,Filmer,Kesey,Male,TRUE,FALSE,Paramedic
463,Filippo,Tarbox,Male,TRUE,TRUE,Data Scientist
464,Robin,Darlington,Female,TRUE,FALSE,Bartender
465,Verney,Bastide,Male,FALSE,TRUE,Police Officer
466,Lyndsay,Laboune,Female,TRUE,FALSE,Writer
467,Giulia,Scoyne,Female,TRUE,FALSE,Professor
468,Woody,Mitie,Male,FALSE,TRUE,Psychologist
469,Florie,Shakesbye,Female,TRUE,FALSE,Mechanical Engineer
470,Gwyn,Priddy,Female,FALSE,FALSE,Web Developer
471,Harp,Hopewell,Male,FALSE,FALSE,Psychologist
472,Kissie,Gherardesci,Female,TRUE,TRUE,Recruiter
473,Eva,Auchterlony,Female,FALSE,FALSE,Physican
474,Marietta,Garza,Female,TRUE,TRUE,Writer
475,Cate,Miguet,Female,TRUE,FALSE,Risk Manager
476,Mylo,Rubertelli,Male,FALSE,FALSE,Teacher
477,Ardyth,McAuliffe,Female,FALSE,FALSE,Web Developer
478,Norrie,Videler,Male,TRUE,TRUE,Bartender
479,Trudie,Polding,Female,TRUE,TRUE,Surgeon
480,Nara,Book,Female,TRUE,TRUE,Police Officer
481,Hildegarde,Knifton,Female,TRUE,TRUE,Risk Manager
482,Padraic,Riddich,Male,TRUE,TRUE,Geologist
483,Constanta,Hansom,Female,FALSE,FALSE,Product Manager
484,Ulick,Henric,Male,FALSE,TRUE,Recruiter
485,Sabine,Haire,Female,FALSE,FALSE,Cashier
486,Bonni,Ussher,Female,TRUE,TRUE,Finance Manager
487,Sayer,Jzhakov,Male,FALSE,TRUE,Civil Engineer
488,Briant,Wynrahame,Male,FALSE,TRUE,Doctor
489,Georas,Stote,Male,TRUE,TRUE,Chef
490,Andee,Snead,Female,FALSE,TRUE,Physican Assistant
491,Kaja,Hucknall,Female,TRUE,FALSE,Accountant
492,Lamont,Middell,Male,FALSE,TRUE,Security Guard
493,Malachi,Rumin,Male,FALSE,TRUE,Surgeon
494,Alexina,Goddman,Female,FALSE,TRUE,Occupational Therapist
495,Marketa,Cheine,Female,TRUE,TRUE,Finance Manager
496,Urbanus,Suthren,Male,FALSE,FALSE,Civil Engineer
497,Ron,Coleyshaw,Male,TRUE,FALSE,Geologist
498,Margarette,Gibbett,Female,FALSE,FALSE,Occupational Therapist
499,Valaree,Foley,Female,TRUE,TRUE,Risk Manager
500,Elijah,Gobell,Male,FALSE,TRUE,Surgeon
501,Mylo,Bidewel,Male,TRUE,TRUE,Geologist
502,Budd,Mummery,Male,FALSE,FALSE,Chemical Engineer
503,Thatch,Nehl,Male,FALSE,FALSE,Chemical Engineer
504,Shela,Dimmne,Female,TRUE,TRUE,Electrical Engineer
505,Eddie,Sylvester,Male,FALSE,TRUE,Tax Manager
506,Yuma,Harry,Male,FALSE,FALSE,Dentist
507,Joellen,Henker,Female,TRUE,TRUE,Chef
508,Lewes,Gretton,Male,FALSE,TRUE,Social Worker
509,Kyle,Estoile,Male,FALSE,FALSE,Dentist
510,Rollie,Pree,Male,FALSE,FALSE,Social Worker
511,Gilles,Fendt,Male,FALSE,TRUE,Politician
512,Carlina,Silley,Female,FALSE,TRUE,Flight Attendant
513,Wendi,Stuckow,Female,FALSE,TRUE,Dentist
514,Wynny,Addyman,Female,FALSE,TRUE,Data Scientist
515,Clarette,Penticoot,Female,TRUE,TRUE,Pilot
516,Anatola,Smardon,Female,FALSE,FALSE,Chef
517,Ashlin,MacDonell,Male,FALSE,TRUE,Finance Manager
518,Vanny,Nelligan,Female,FALSE,TRUE,Accountant
519,Fallon,Molson,Female,FALSE,TRUE,Professor
520,Cristal,Klug,Female,FALSE,FALSE,Professor
521,Emmalee,Hanhard,Female,FALSE,TRUE,Writer
522,Rennie,Mc Coughan,Female,FALSE,FALSE,Civil Engineer
523,Tasha,De Castri,Female,TRUE,TRUE,Soldier
524,Zollie,Inseal,Male,FALSE,TRUE,Dentist
525,Verne,Mallalieu,Male,FALSE,FALSE,Finance Manager
526,Amby,Rebillard,Male,TRUE,FALSE,Geologist
527,Leoline,Westhoff,Female,TRUE,FALSE,Doctor
528,Davida,Hoxey,Female,TRUE,FALSE,Occupational Therapist
529,Marj,Jeste,Female,TRUE,FALSE,Police Officer
530,Jeralee,Jodlkowski,Female,FALSE,TRUE,Security Guard
531,Pammy,Gounet,Female,TRUE,TRUE,Bartender
532,Willetta,Townshend,Female,FALSE,TRUE,Software Developer
533,Bayard,Fieldsend,Male,FALSE,FALSE,Music Artist
534,Jobey,Hastin,Female,TRUE,TRUE,Economist
535,Harmonia,Whistance,Female,TRUE,FALSE,Civil Engineer
536,Sasha,Castagnaro,Female,TRUE,FALSE,Surgeon
537,Stern,Newland,Male,FALSE,FALSE,Farmer
538,Orran,Reddan,Male,TRUE,FALSE,Professor
539,Heath,Lambert,Male,FALSE,TRUE,Civil Engineer
540,Adria,Quogan,Female,FALSE,TRUE,Chemical Engineer
541,Sheelagh,Fullstone,Female,FALSE,TRUE,Actor
542,Joly,D'eath,Female,TRUE,TRUE,Music Artist
543,Jerome,Huggens,Male,FALSE,TRUE,Pharmacist
544,Gloria,Waywell,Female,TRUE,FALSE,Pilot
545,Eveleen,Lardez,Female,FALSE,TRUE,Teacher
546,Carlene,Blenkensop,Female,FALSE,TRUE,Chef
547,Towney,Beste,Male,FALSE,TRUE,Farmer
548,Claus,Spears,Male,TRUE,FALSE,Economist
549,Archibald,Romanelli,Male,FALSE,TRUE,Recruiter
550,Catherine,Pasby,Female,FALSE,TRUE,Risk Manager
551,Fanchette,Newart,Female,TRUE,FALSE,Bartender
552,Kelila,Warrack,Female,FALSE,FALSE,Driver
553,Jasen,Heisler,Male,FALSE,TRUE,Occupational Therapist
554,Candice,Vant,Female,FALSE,TRUE,Lawyer
555,Carlie,Crews,Male,FALSE,TRUE,Soldier
556,Shannon,Annies,Female,FALSE,TRUE,Orthodontist
557,Claudianus,Westraw,Male,FALSE,TRUE,Actor
558,Mortie,Merrall,Male,TRUE,FALSE,Farmer
559,Jakie,Caulton,Male,TRUE,FALSE,Soldier
560,Adena,Bilverstone,Female,FALSE,TRUE,Paramedic
561,Vallie,Martinolli,Female,FALSE,FALSE,Paramedic
562,Averell,Stoodley,Male,TRUE,TRUE,Chemical Engineer
563,Cordy,Mathewes,Female,TRUE,FALSE,Geologist
564,Elsie,Brettle,Female,FALSE,TRUE,Nurse
565,Enrico,Preskett,Male,TRUE,TRUE,Nurse
566,Bram,Djurisic,Male,FALSE,FALSE,Teacher
567,Amara,MacAirt,Female,FALSE,FALSE,Soldier
568,Guenna,Burgiss,Female,FALSE,FALSE,Lawyer
569,Kylen,Pidgeley,Female,FALSE,TRUE,Doctor
570,Hana,Prine,Female,FALSE,FALSE,Secretary
571,Victoir,Besemer,Male,FALSE,FALSE,Software Developer
572,Anjanette,Westbrook,Female,FALSE,FALSE,Psychologist
573,Brose,Prandoni,Male,FALSE,FALSE,Secretary
574,Matias,McGhie,Male,TRUE,TRUE,Social Worker
575,Thatch,Brum,Male,FALSE,FALSE,Product Manager
576,Derrik,Trippitt,Male,FALSE,TRUE,Marketing Manager
577,Thaddeus,Berfoot,Male,TRUE,TRUE,Bartender
578,Kareem,Dunnan,Male,TRUE,FALSE,Lawyer
579,Agustin,Bricham,Male,FALSE,FALSE,Social Worker
580,Joachim,Shoreman,Male,TRUE,FALSE,Pharmacist
581,Chelsy,Linner,Female,FALSE,FALSE,Writer
582,Eleonore,Skeggs,Female,FALSE,FALSE,Orthodontist
583,Cleon,Postlewhite,Male,TRUE,FALSE,Politician
584,Dannye,Ridger,Female,FALSE,TRUE,Chemical Engineer
585,Gipsy,McCrory,Female,TRUE,TRUE,Farmer
586,Salem,Coaten,Male,TRUE,FALSE,Secretary
587,Tobe,Ledbetter,Male,FALSE,FALSE,Music Artist
588,Brenda,Mozzetti,Female,TRUE,TRUE,Physical Therapist
589,Brnaby,Cheverton,Male,TRUE,TRUE,Tax Manager
590,Ilyse,Fishleigh,Female,FALSE,FALSE,Physical Therapist
591,Francine,Veall,Female,FALSE,TRUE,Pilot
592,Lief,Healings,Male,FALSE,TRUE,Professor
593,Minny,Fifoot,Female,TRUE,FALSE,Surgeon
594,Dre,Cauderlie,Female,TRUE,FALSE,Geologist
595,Dolph,Heinonen,Male,TRUE,FALSE,Security Guard
596,Violette,Cardoo,Female,FALSE,TRUE,Risk Manager
597,Murray,Schiell,Male,FALSE,FALSE,Politician
598,Clerissa,Giacomini,Female,TRUE,FALSE,Police Officer
599,Doralia,Credland,Female,FALSE,FALSE,Occupational Therapist
600,Chaddy,Hunstone,Male,FALSE,FALSE,Data Scientist
601,Audry,Jedrych,Female,TRUE,TRUE,Tax Manager
602,Bobby,Rimmington,Male,FALSE,FALSE,Physican
603,Vanny,Ferney,Female,FALSE,FALSE,Mechanical Engineer
604,Anitra,Rosenstengel,Female,FALSE,FALSE,Writer
605,Wallache,Mellsop,Male,FALSE,FALSE,Orthodontist
606,Nata,Veighey,Female,FALSE,TRUE,Geologist
607,Sterne,Sawyer,Male,TRUE,TRUE,Sales Manager
608,Gert,Pillman,Female,FALSE,TRUE,Software Developer
609,Barney,Herche,Male,FALSE,TRUE,Professor
610,Lynn,Gummer,Male,TRUE,FALSE,Paramedic
611,Inge,Greger,Female,TRUE,TRUE,Mechanical Engineer
612,Chilton,Frankel,Male,FALSE,TRUE,Flight Attendant
613,Sonnie,Colbrun,Female,FALSE,TRUE,Risk Manager
614,Tasha,Caustic,Female,FALSE,TRUE,Cashier
615,Lizzy,Jacob,Female,FALSE,FALSE,Occupational Therapist
616,Mallorie,Antrobus,Female,TRUE,FALSE,Sales Manager
617,Archibold,Heinsen,Male,TRUE,FALSE,Web Developer
618,Yank,Lowdham,Male,FALSE,TRUE,Civil Engineer
619,Antoinette,Heinzel,Female,FALSE,TRUE,Surgeon
620,Shanna,Hayesman,Female,TRUE,TRUE,Recruiter
621,Ly,Motion,Male,TRUE,FALSE,Sales Manager
622,Pincas,Manson,Male,FALSE,FALSE,Driver
623,Bernardine,Whalley,Female,FALSE,TRUE,Driver
624,Suzann,Lovemore,Female,TRUE,TRUE,Tax Manager
625,Farly,Gothup,Male,TRUE,TRUE,Chef
626,Johann,Lorenc,Male,FALSE,TRUE,Civil Engineer
627,Araldo,Badham,Male,FALSE,TRUE,Music Artist
628,Daphna,Hynard,Female,TRUE,TRUE,Geologist
629,Earvin,Furmenger,Male,FALSE,FALSE,Electrical Engineer
630,Lorilee,Fawlo,Female,FALSE,FALSE,Web Developer
631,Eben,Trevithick,Male,FALSE,TRUE,Paramedic
632,Desmund,Blucher,Male,FALSE,FALSE,Cashier
633,Coretta,Robeson,Female,FALSE,FALSE,Recruiter
634,Dorothy,Latty,Female,FALSE,FALSE,Police Officer
635,Brady,Lewerenz,Male,TRUE,FALSE,Lawyer
636,Mendy,Capstack,Male,FALSE,TRUE,Music Artist
637,Shanta,Beswetherick,Female,TRUE,TRUE,Civil Engineer
638,Roxana,Birchenhead,Female,FALSE,FALSE,Teacher
639,Darrick,Stallworthy,Male,FALSE,TRUE,Teacher
640,Horatio,Duignan,Male,FALSE,FALSE,Writer
641,Jeralee,Sparrowe,Female,TRUE,FALSE,Mechanical Engineer
642,Tann,Gauson,Male,TRUE,TRUE,Marketing Manager
643,Erin,Laneham,Male,TRUE,TRUE,Doctor
644,Benton,Caldeyroux,Male,TRUE,FALSE,Civil Engineer
645,Angelico,Harrigan,Male,FALSE,FALSE,Pharmacist
646,Jessi,Lanchbury,Female,TRUE,TRUE,Paramedic
647,Yulma,Meah,Male,TRUE,TRUE,Tax Manager
648,Brnaby,MacElharge,Male,FALSE,FALSE,Physican Assistant
649,Zarla,Shanley,Female,FALSE,FALSE,Tax Manager
650,Mario,Abdee,Male,FALSE,TRUE,Civil Engineer
651,Collete,Bodd,Female,TRUE,TRUE,Electrical Engineer
652,Regan,Bartoszewicz,Male,TRUE,TRUE,Risk Manager
653,Chucho,Cristofolini,Male,FALSE,TRUE,Cashier
654,Whitney,Millhill,Male,FALSE,TRUE,Surgeon
655,Shawn,Goade,Female,FALSE,FALSE,Chemical Engineer
656,Billy,Robroe,Female,FALSE,FALSE,Dentist
657,Carly,Frid,Female,TRUE,FALSE,Driver
658,Julio,Paxeford,Male,TRUE,FALSE,Pharmacist
659,Wallis,Whereat,Male,TRUE,FALSE,Accountant
660,Carma,Jorger,Female,FALSE,TRUE,Physican
661,Megen,Sheron,Female,FALSE,TRUE,Nurse
662,Tiffanie,Juanes,Female,TRUE,TRUE,Chef
663,Park,Yockney,Male,FALSE,FALSE,Music Artist
664,Merna,Gaylard,Female,FALSE,FALSE,Physican Assistant
665,Gerrilee,Blumfield,Female,FALSE,FALSE,Music Artist
666,Kylen,O'Doogan,Female,FALSE,TRUE,Chemical Engineer
667,Darryl,Phin,Male,TRUE,FALSE,Nurse
668,Brandtr,Erley,Male,FALSE,TRUE,Police Officer
669,Minetta,Gallamore,Female,TRUE,FALSE,Civil Engineer
670,Nickolaus,Cock,Male,FALSE,FALSE,Electrical Engineer
671,Devora,Poetz,Female,TRUE,FALSE,Actor
672,Olenolin,Capaldi,Male,FALSE,TRUE,Nurse
673,Hammad,Kleis,Male,TRUE,TRUE,Electrical Engineer
674,Freda,Berzon,Female,TRUE,FALSE,Secretary
675,Vonny,Perrington,Female,FALSE,FALSE,Electrical Engineer
676,Alessandro,Burk,Male,FALSE,TRUE,Finance Manager
677,Victoir,Greaterex,Male,FALSE,FALSE,Sales Manager
678,Lamar,Aylesbury,Male,TRUE,FALSE,Pilot
679,Heddi,Ricciardelli,Female,FALSE,FALSE,Chef
680,Milli,Wesley,Female,FALSE,TRUE,Driver
681,Sharity,Godbolt,Female,TRUE,TRUE,Nurse
682,Xenos,Camblin,Male,FALSE,TRUE,Physican Assistant
683,Rich,Scantleberry,Male,FALSE,TRUE,Pharmacist
684,Bendick,Yexley,Male,FALSE,TRUE,Secretary
685,Brandais,Letch,Female,TRUE,TRUE,Geologist
686,Deonne,Dybell,Female,TRUE,FALSE,Driver
687,Lacy,Elmes,Female,TRUE,FALSE,Pharmacist
688,Neysa,Chritchlow,Female,FALSE,FALSE,Geologist
689,Kale,Leggott,Male,FALSE,TRUE,Security Guard
690,Kenn,Dickens,Male,FALSE,TRUE,Paramedic
691,Trenton,Keford,Male,TRUE,TRUE,Web Developer
692,Kimberley,Proud,Female,TRUE,TRUE,Cashier
693,Enrica,Jochens,Female,TRUE,TRUE,Recruiter
694,Vaclav,Wawer,Male,FALSE,FALSE,Chef
695,Delilah,Dacre,Female,TRUE,FALSE,Chemical Engineer
696,Fidel,Brazenor,Male,TRUE,FALSE,Geologist
697,Tiff,Wyllcock,Female,FALSE,TRUE,Data Scientist
698,Ortensia,Bidder,Female,TRUE,TRUE,Accountant
699,Morey,Dibden,Male,TRUE,FALSE,Psychologist
700,Corby,Ramsted,Male,TRUE,FALSE,Dentist
701,Rosalinde,Johann,Female,TRUE,TRUE,Surgeon
702,Leonid,Sich,Male,FALSE,FALSE,Occupational Therapist
703,Mame,Nelissen,Female,TRUE,TRUE,Chef
704,Helaina,Mee,Female,FALSE,FALSE,Orthodontist
705,Riccardo,Bubbear,Male,TRUE,TRUE,Soldier
706,Nady,Sant,Female,TRUE,TRUE,Electrical Engineer
707,Nevins,Burstow,Male,FALSE,FALSE,Bartender
708,Sigmund,Presslee,Male,FALSE,FALSE,Cashier
709,Lezlie,Soldan,Female,FALSE,FALSE,Social Worker
710,Penny,Ewbanche,Female,TRUE,FALSE,Lawyer
711,Carson,Marritt,Male,FALSE,TRUE,Dentist
712,Manda,Overill,Female,FALSE,TRUE,Occupational Therapist
713,Celle,Crosoer,Female,TRUE,TRUE,Cashier
714,Joe,Roakes,Male,TRUE,TRUE,Web Developer
715,Lauraine,Calway,Female,TRUE,FALSE,Actor
716,Jacqueline,Yeardley,Female,TRUE,TRUE,Politician
717,Kassi,Emer,Female,TRUE,TRUE,Paramedic
718,Worthington,Ahrend,Male,TRUE,FALSE,Risk Manager
719,Kary,Trevillion,Female,TRUE,TRUE,Secretary
720,Othella,Browncey,Female,TRUE,FALSE,Flight Attendant
721,Lars,Hernik,Male,TRUE,FALSE,Cashier
722,Fay,Bruton,Female,TRUE,TRUE,Finance Manager
723,Susanna,Van Dale,Female,FALSE,TRUE,Social Worker
724,Bibbie,Bickell,Female,TRUE,TRUE,Accountant
725,Etti,Markel,Female,TRUE,TRUE,Music Artist
726,Barrie,McGrann,Male,FALSE,FALSE,Nurse
727,Dilly,Aickin,Male,TRUE,TRUE,Civil Engineer
728,Monica,Feitosa,Female,FALSE,FALSE,Pilot
729,Tymothy,Cheltnam,Male,TRUE,TRUE,Surgeon
730,Owen,Haig,Male,FALSE,TRUE,Security Guard
731,Ceciley,Angel,Female,FALSE,TRUE,Doctor
732,Rasia,Couser,Female,FALSE,TRUE,Secretary
733,Jamey,Marsie,Male,FALSE,FALSE,Farmer
734,Corly,Browett,Female,TRUE,FALSE,Psychologist
735,Sela,Saunton,Female,TRUE,TRUE,Software Developer
736,Tallie,Guswell,Female,FALSE,TRUE,Data Scientist
737,Richy,Carden,Male,TRUE,TRUE,Physican Assistant
738,Timothee,Fulcher,Male,FALSE,FALSE,Accountant
739,Fayth,Taffurelli,Female,FALSE,FALSE,Pilot
740,Helene,Sydall,Female,FALSE,FALSE,Writer
741,Anni,Gabites,Female,FALSE,TRUE,Security Guard
742,Victoria,Mille,Female,FALSE,TRUE,Marketing Manager
743,Isidora,Puleston,Female,FALSE,FALSE,Nurse
744,Kingsly,Kesteven,Male,FALSE,TRUE,Driver
745,Rubetta,Goodswen,Female,TRUE,TRUE,Orthodontist
746,Hoebart,Toffts,Male,FALSE,FALSE,Flight Attendant
747,Alasdair,Nadin,Male,FALSE,FALSE,Psychologist
748,Rakel,Sissot,Female,TRUE,TRUE,Finance Manager
749,Blair,Elderidge,Male,FALSE,FALSE,Security Guard
750,Pall,Pietzke,Male,TRUE,FALSE,Farmer
751,Reine,Brocklehurst,Female,FALSE,TRUE,Driver
752,Isabeau,Darmody,Female,TRUE,TRUE,Accountant
753,Mathe,Tyrer,Male,TRUE,FALSE,Dentist
754,Randell,Rusbridge,Male,TRUE,FALSE,Product Manager
755,Farley,Lyddiard,Male,TRUE,FALSE,Teacher
756,Blythe,Sandle,Female,FALSE,FALSE,Teacher
757,Arlinda,Haithwaite,Female,TRUE,FALSE,Physican Assistant
758,Hayley,Tythe,Female,FALSE,TRUE,Flight Attendant
759,Welbie,Galsworthy,Male,FALSE,FALSE,Occupational Therapist
760,Derek,Feake,Male,TRUE,TRUE,Product Manager
761,Saunder,Hearn,Male,FALSE,FALSE,Social Worker
762,Tibold,Collington,Male,TRUE,TRUE,Writer
763,Regan,Raithmill,Male,TRUE,TRUE,Sales Manager
764,Law,Hucks,Male,TRUE,TRUE,Cashier
765,Matthias,Organ,Male,FALSE,TRUE,Lawyer
766,Bartholemy,Diament,Male,TRUE,TRUE,Paramedic
767,Matthaeus,Burrow,Male,TRUE,FALSE,Flight Attendant
768,Carmella,Matevosian,Female,FALSE,TRUE,Accountant
769,Lynnea,Michin,Female,FALSE,TRUE,Geologist
770,Valerye,Ledley,Female,TRUE,TRUE,Chemical Engineer
771,Audrey,Winters,Female,TRUE,TRUE,Teacher
772,Richard,Gossop,Male,FALSE,FALSE,Sales Manager
773,Tana,Mowen,Female,TRUE,FALSE,Social Worker
774,Vernon,McTurk,Male,TRUE,TRUE,Accountant
775,Chad,Yeskin,Male,FALSE,TRUE,Secretary
776,Garfield,Fluck,Male,TRUE,TRUE,Web Developer
777,Hazel,Campion,Male,FALSE,TRUE,Writer
778,Blanch,Meers,Female,TRUE,TRUE,Cashier
779,Tanner,Custard,Male,FALSE,TRUE,Doctor
780,Josepha,Thursfield,Female,TRUE,TRUE,Flight Attendant
781,Gothart,Villaron,Male,TRUE,TRUE,Lawyer
782,Biddie,Okenden,Female,FALSE,FALSE,Lawyer
783,Catlin,Harfoot,Female,FALSE,FALSE,Surgeon
784,Leia,Linstead,Female,FALSE,TRUE,Soldier
785,Ninon,St Louis,Female,FALSE,TRUE,Surgeon
786,Xena,Yatman,Female,TRUE,FALSE,Surgeon
787,Linea,Litt,Female,TRUE,TRUE,Mechanical Engineer
788,Roth,Paulo,Male,TRUE,TRUE,Product Manager
789,Jedd,Sego,Male,TRUE,FALSE,Soldier
790,Baldwin,Sales,Male,TRUE,FALSE,Marketing Manager
791,Hasty,Alabastar,Male,TRUE,TRUE,Lawyer
792,Lidia,Raymond,Female,TRUE,FALSE,Secretary
793,Arie,Hasty,Male,FALSE,TRUE,Politician
794,Rafe,Mattschas,Male,TRUE,TRUE,Pilot
795,Nollie,Larter,Male,TRUE,TRUE,Chef
796,Wrennie,Chipchase,Female,TRUE,TRUE,Sales Manager
797,Alexis,Greenway,Female,FALSE,TRUE,Teacher
798,Antoinette,Cumbes,Female,FALSE,FALSE,Security Guard
799,Issiah,Dudney,Male,FALSE,TRUE,Secretary
800,Valenka,Dominicacci,Female,FALSE,FALSE,Civil Engineer
801,Kienan,Hirtz,Male,TRUE,TRUE,Psychologist
802,Brandais,Molan,Female,FALSE,TRUE,Physican
803,Corabelle,Saville,Female,FALSE,FALSE,Civil Engineer
804,Stormy,Whitehorne,Female,TRUE,TRUE,Secretary
805,Carmine,Tunna,Male,FALSE,FALSE,Police Officer
806,Kassi,Presslee,Female,TRUE,TRUE,Product Manager
807,Bjorn,Bolduc,Male,FALSE,FALSE,Chemical Engineer
808,Romona,Cridlon,Female,TRUE,TRUE,Risk Manager
809,Meg,Housby,Female,FALSE,TRUE,Software Developer
810,Norry,Woodlands,Female,FALSE,TRUE,Doctor
811,Ebonee,Whetland,Female,FALSE,FALSE,Pilot
812,Layney,Grey,Female,FALSE,TRUE,Mechanical Engineer
813,Rozamond,Willox,Female,FALSE,FALSE,Finance Manager
814,Gillan,Leethem,Female,TRUE,FALSE,Paramedic
815,Tildie,Clempton,Female,FALSE,FALSE,Police Officer
816,Patty,Meriel,Female,FALSE,FALSE,Electrical Engineer
817,Sheffy,Gabbetis,Male,FALSE,FALSE,Software Developer
818,Zea,Leheude,Female,FALSE,FALSE,Recruiter
819,Milli,Brittoner,Female,FALSE,FALSE,Physican
820,Curcio,Dunseath,Male,TRUE,FALSE,Lawyer
821,Tulley,Struan,Male,FALSE,TRUE,Paramedic
822,Aharon,Clempton,Male,FALSE,FALSE,Nurse
823,Germain,Isabell,Male,TRUE,FALSE,Soldier
824,Griselda,Davenall,Female,FALSE,FALSE,Writer
825,Christyna,Vermer,Female,FALSE,TRUE,Product Manager
826,Hort,Gilardengo,Male,TRUE,TRUE,Farmer
827,Glynis,Broadfield,Female,TRUE,FALSE,Finance Manager
828,Amalee,Hallibone,Female,TRUE,FALSE,Secretary
829,Crysta,Picardo,Female,TRUE,TRUE,Farmer
830,Leyla,Inglesent,Female,TRUE,FALSE,Cashier
831,Klarika,Battman,Female,FALSE,FALSE,Pilot
832,Venita,Wedge,Female,FALSE,FALSE,Writer
833,Rhodia,Self,Female,TRUE,TRUE,Flight Attendant
834,Ruddie,Likly,Male,TRUE,FALSE,Sales Manager
835,Morena,Thow,Female,TRUE,TRUE,Accountant
836,Penrod,Deegin,Male,TRUE,FALSE,Dentist
837,Lucas,Alekhov,Male,FALSE,TRUE,Lawyer
838,Dillie,Hollerin,Male,FALSE,TRUE,Cashier
839,Berta,Greeno,Female,TRUE,TRUE,Bartender
840,Christalle,Grodden,Female,TRUE,FALSE,Geologist
841,Frayda,Poschel,Female,TRUE,TRUE,Police Officer
842,Leonerd,Compfort,Male,FALSE,TRUE,Chemical Engineer
843,Dennet,Marns,Male,FALSE,TRUE,Soldier
844,Bordy,Ravenshaw,Male,TRUE,FALSE,Pilot
845,Jules,Drinkall,Male,TRUE,TRUE,Physican Assistant
846,Brianne,Madelin,Female,FALSE,FALSE,Physican Assistant
847,Amalia,Daley,Female,FALSE,FALSE,Orthodontist
848,Dotti,Allcorn,Female,FALSE,FALSE,Electrical Engineer
849,Eldon,Jouannisson,Male,FALSE,TRUE,Writer
850,Burnard,Hosten,Male,FALSE,TRUE,Bartender
851,Freddie,Wasling,Male,TRUE,FALSE,Nurse
852,Malina,Macken,Female,TRUE,TRUE,Music Artist
853,Julienne,Le Prevost,Female,FALSE,TRUE,Economist
854,Berti,Khomich,Male,FALSE,TRUE,Chemical Engineer
855,Myca,Mouget,Male,FALSE,FALSE,Politician
856,Sonya,Udell,Female,TRUE,TRUE,Nurse
857,York,Kusick,Male,FALSE,FALSE,Police Officer
858,Dirk,O'Shiels,Male,FALSE,TRUE,Risk Manager
859,Arvy,Springall,Male,FALSE,FALSE,Marketing Manager
860,Jazmin,Attenborrow,Female,FALSE,TRUE,Nurse
861,Pammy,Fownes,Female,TRUE,TRUE,Cashier
862,Gigi,Marlor,Female,FALSE,TRUE,Doctor
863,Ola,Schwandermann,Female,TRUE,TRUE,Orthodontist
864,Vern,Kelbie,Male,FALSE,TRUE,Chef
865,Derek,Lille,Male,TRUE,TRUE,Writer
866,Cesya,Le Teve,Female,FALSE,TRUE,Surgeon
867,Jemmy,Balaam,Female,FALSE,FALSE,Sales Manager
868,Madelina,Struis,Female,FALSE,FALSE,Surgeon
869,Alphonse,Rainton,Male,TRUE,FALSE,Cashier
870,Jacquenetta,Vinnick,Female,FALSE,FALSE,Music Artist
871,Daren,Blaschke,Male,FALSE,TRUE,Flight Attendant
872,Vale,Yearnsley,Male,FALSE,TRUE,Mechanical Engineer
873,Ervin,De la Feld,Male,FALSE,TRUE,Geologist
874,Milissent,Hegg,Female,FALSE,TRUE,Chef
875,Lindsey,Jeanes,Female,FALSE,TRUE,Sales Manager
876,Antoni,Urian,Male,TRUE,FALSE,Sales Manager
877,Corene,Mowat,Female,TRUE,TRUE,Surgeon
878,Pearline,Eastup,Female,FALSE,FALSE,Teacher
879,Brittney,Vlies,Female,FALSE,TRUE,Nurse
880,Leilah,Fagg,Female,FALSE,TRUE,Data Scientist
881,Callida,Pohl,Female,TRUE,FALSE,Tax Manager
882,Bernard,Phelan,Male,FALSE,FALSE,Surgeon
883,Constantine,Maginn,Female,FALSE,FALSE,Bartender
884,Wynn,Fawloe,Female,FALSE,TRUE,Actor
885,Mortie,Matveiko,Male,TRUE,TRUE,Accountant
886,Kahlil,Tunnacliffe,Male,TRUE,TRUE,Sales Manager
887,Ruthy,Hinkins,Female,FALSE,FALSE,Risk Manager
888,Elga,Menguy,Female,FALSE,TRUE,Sales Manager
889,Justis,Collerd,Male,FALSE,FALSE,Occupational Therapist
890,Kalila,Hendrikse,Female,FALSE,FALSE,Sales Manager
891,Hyacinthie,Tredger,Female,TRUE,FALSE,Pilot
892,Sashenka,Nudds,Female,FALSE,FALSE,Pilot
893,Dukie,McKennan,Male,FALSE,TRUE,Driver
894,Margaux,Pinney,Female,FALSE,FALSE,Civil Engineer
895,Alexandra,Giron,Female,TRUE,FALSE,Tax Manager
896,Quintina,Rawstorne,Female,TRUE,FALSE,Data Scientist
897,Ivonne,Warcop,Female,FALSE,TRUE,Flight Attendant
898,Marielle,Dicken,Female,FALSE,FALSE,Writer
899,Tucky,Bertelet,Male,TRUE,FALSE,Dentist
900,Jeanie,Humfrey,Female,FALSE,TRUE,Pilot
901,Hobard,Huckle,Male,FALSE,TRUE,Flight Attendant
902,Giuditta,Errowe,Female,FALSE,TRUE,Surgeon
903,Mercie,Chippin,Female,FALSE,TRUE,Bartender
904,Lorinda,Curnokk,Female,FALSE,FALSE,Orthodontist
905,Roxane,Worman,Female,TRUE,FALSE,Occupational Therapist
906,Ludvig,Hasson,Male,TRUE,FALSE,Writer
907,Casar,Faltin,Male,TRUE,TRUE,Cashier
908,Margarette,Bennet,Female,FALSE,TRUE,Flight Attendant
909,Leda,Pollicott,Female,FALSE,TRUE,Accountant
910,Tanner,Presswell,Male,FALSE,FALSE,Marketing Manager
911,Valene,Bernaert,Female,FALSE,TRUE,Driver
912,Theresina,Corby,Female,FALSE,FALSE,Police Officer
913,Merl,Chidley,Female,TRUE,FALSE,Physican
914,Doreen,Gaddes,Female,TRUE,FALSE,Physican
915,Skippie,Mottershaw,Male,TRUE,TRUE,Recruiter
916,Lyndsey,Brann,Female,TRUE,FALSE,Flight Attendant
917,Gayelord,Solan,Male,FALSE,FALSE,Farmer
918,Sidney,Yurocjkin,Male,FALSE,TRUE,Physical Therapist
919,Fifi,Loxly,Female,TRUE,FALSE,Chemical Engineer
920,Fancy,Doddridge,Female,TRUE,FALSE,Security Guard
921,Diena,Kording,Female,FALSE,FALSE,Data Scientist
922,Adah,Lescop,Female,FALSE,FALSE,Security Guard
923,Hadrian,Salvadore,Male,TRUE,FALSE,Risk Manager
924,Aretha,Grimsley,Female,TRUE,FALSE,Occupational Therapist
925,Hyacinthia,Joreau,Female,FALSE,FALSE,Secretary
926,Bearnard,Creak,Male,TRUE,TRUE,Software Developer
927,Dun,Archley,Male,FALSE,TRUE,Mechanical Engineer
928,Electra,Pinwill,Female,FALSE,TRUE,Security Guard
929,Kirby,Neary,Female,TRUE,TRUE,Physical Therapist
930,Tiffie,Belson,Female,TRUE,TRUE,Farmer
931,Arel,Dominy,Male,TRUE,TRUE,Professor
932,Stephanie,Arens,Female,FALSE,FALSE,Actor
933,Hube,Artinstall,Male,TRUE,FALSE,Paramedic
934,Taylor,Dressel,Male,TRUE,FALSE,Cashier
935,Minnaminnie,Jakobssen,Female,FALSE,FALSE,Physican
936,Timofei,Hyrons,Male,TRUE,FALSE,Professor
937,Joelynn,Masham,Female,FALSE,TRUE,Chef
938,Maje,Shankland,Male,TRUE,FALSE,Driver
939,Jeddy,Mohring,Male,FALSE,TRUE,Accountant
940,Reyna,Kay,Female,FALSE,TRUE,Lawyer
941,Haydon,Belderfield,Male,FALSE,FALSE,Orthodontist
942,Amerigo,Dixey,Male,FALSE,TRUE,Teacher
943,Edgardo,Arthy,Male,FALSE,FALSE,Flight Attendant
944,Reinwald,Coleford,Male,FALSE,FALSE,Marketing Manager
945,Lawton,Govan,Male,FALSE,TRUE,Doctor
946,Page,Nicholls,Male,TRUE,TRUE,Occupational Therapist
947,Beth,Blacket,Female,TRUE,TRUE,Physical Therapist
948,Devondra,Coggins,Female,TRUE,TRUE,Soldier
949,Gabriella,Petren,Female,TRUE,TRUE,Flight Attendant
950,Augusto,Tadlow,Male,FALSE,TRUE,Physical Therapist
951,Adena,Hazel,Female,TRUE,TRUE,Sales Manager
952,Carlo,Bakster,Male,TRUE,TRUE,Paramedic
953,Nobie,Risebrow,Male,FALSE,FALSE,Web Developer
954,Sunshine,Smallbone,Female,FALSE,TRUE,Finance Manager
955,Norrie,Kynastone,Female,TRUE,FALSE,Economist
956,Ruddy,Shirtcliffe,Male,TRUE,TRUE,Soldier
957,Maible,Semmens,Female,TRUE,TRUE,Web Developer
958,Welsh,Gaitone,Male,FALSE,FALSE,Writer
959,Leola,Mallebone,Female,FALSE,FALSE,Police Officer
960,Perrine,Ralton,Female,TRUE,TRUE,Recruiter
961,Thornie,Hillett,Male,TRUE,TRUE,Occupational Therapist
962,Stefania,Unsworth,Female,FALSE,FALSE,Product Manager
963,Sheri,Ishak,Female,TRUE,TRUE,Music Artist
964,Darrell,Broadbent,Male,FALSE,FALSE,Software Developer
965,Roi,Boatswain,Male,FALSE,TRUE,Lawyer
966,Aurie,Wrefford,Female,FALSE,FALSE,Physican Assistant
967,Verena,Gill,Female,TRUE,FALSE,Occupational Therapist
968,Torrey,Kaysor,Male,TRUE,FALSE,Physican
969,Rice,Noli,Male,FALSE,TRUE,Sales Manager
970,Mortie,Rooson,Male,FALSE,FALSE,Bartender
971,Kendra,Fury,Female,FALSE,TRUE,Tax Manager
972,Bianca,Simonds,Female,TRUE,FALSE,Physican Assistant
973,Dora,Ponsford,Female,FALSE,TRUE,Social Worker
974,Karim,Hubane,Male,TRUE,FALSE,Music Artist
975,Nikolaus,De Souza,Male,TRUE,TRUE,Pharmacist
976,Aguste,Whacket,Male,FALSE,TRUE,Civil Engineer
977,Vernice,Vaggers,Female,TRUE,TRUE,Driver
978,Gaston,Arnout,Male,FALSE,FALSE,Civil Engineer
979,Danica,Keen,Female,FALSE,FALSE,Product Manager
980,Cody,Theriot,Male,FALSE,TRUE,Nurse
981,Mark,Crummie,Male,FALSE,TRUE,Economist
982,Nicky,Schulter,Male,TRUE,FALSE,Politician
983,Krisha,Dubois,Male,FALSE,TRUE,Finance Manager
984,Duffie,Dunabie,Male,TRUE,FALSE,Product Manager
985,Eba,Bertl,Female,FALSE,FALSE,Web Developer
986,Sylvia,Punshon,Female,FALSE,TRUE,Occupational Therapist
987,Wesley,Hadlington,Male,FALSE,TRUE,Recruiter
988,Francklyn,Botte,Male,TRUE,TRUE,Lawyer
989,Raoul,Christofle,Male,TRUE,FALSE,Psychologist
990,Nicholas,Edsell,Male,FALSE,TRUE,Physican Assistant
991,Sarita,Boyes,Female,FALSE,TRUE,Professor
992,Lezley,Schulze,Male,FALSE,TRUE,Sales Manager
993,Kizzee,Beevors,Female,TRUE,FALSE,Driver
994,Julian,Willetts,Male,TRUE,FALSE,Bartender
995,Gerrard,Benda,Male,TRUE,TRUE,Product Manager
996,Jakie,Cuschieri,Male,TRUE,FALSE,Pharmacist
997,Alfy,Tavner,Male,FALSE,TRUE,Electrical Engineer
998,Adorne,Brandino,Female,TRUE,TRUE,Mechanical Engineer
999,Sonni,Gaffon,Female,FALSE,FALSE,Doctor
1000,Eleanore,Fusco,Female,FALSE,TRUE,Electrical Engineer